mkdir -p build
mkdir -p root/boot/grub
/Users/romainstride/.rustup/toolchains/nightly-aarch64-apple-darwin/lib/rustlib/aarch64-apple-darwin/bin/rust-lld -flavor gnu -n -T linker.ld -o build/kfs_2.bin build/boot.o build/libkfs_2.a
rust-lld: error: output file too large: 18446744073707790872 bytes
section sizes:
.boot 12
.rodata.kmain 388
.rodata.str1.1 5415
.rodata..Lanon.ae9d9698c3bf98ecb3f81b7d6af80a19.4 2
.rodata..Lanon.ae9d9698c3bf98ecb3f81b7d6af80a19.5 1
.rodata..Lanon.ae9d9698c3bf98ecb3f81b7d6af80a19.8 15
.rodata..Lanon.ae9d9698c3bf98ecb3f81b7d6af80a19.9 13
.rodata..Lanon.ae9d9698c3bf98ecb3f81b7d6af80a19.10 11
.rodata..Lanon.ae9d9698c3bf98ecb3f81b7d6af80a19.11 17
.rodata..Lanon.ae9d9698c3bf98ecb3f81b7d6af80a19.22 43
.rodata..Lanon.ae9d9698c3bf98ecb3f81b7d6af80a19.26 19
.rodata..Lanon.ae9d9698c3bf98ecb3f81b7d6af80a19.27 18
.rodata..Lanon.ae9d9698c3bf98ecb3f81b7d6af80a19.28 18
.rodata..Lanon.ae9d9698c3bf98ecb3f81b7d6af80a19.29 22
.rodata..Lanon.ae9d9698c3bf98ecb3f81b7d6af80a19.30 22
.rodata..Lanon.ae9d9698c3bf98ecb3f81b7d6af80a19.31 28
.rodata..Lanon.ae9d9698c3bf98ecb3f81b7d6af80a19.32 5
.rodata..Lanon.ae9d9698c3bf98ecb3f81b7d6af80a19.34 20
.rodata..Lanon.ae9d9698c3bf98ecb3f81b7d6af80a19.35 39
.rodata..Lanon.ae9d9698c3bf98ecb3f81b7d6af80a19.36 3
.rodata..Lanon.ae9d9698c3bf98ecb3f81b7d6af80a19.37 18
.rodata..Lanon.ae9d9698c3bf98ecb3f81b7d6af80a19.38 44
.rodata.cst16 48
.rodata.anon.c8387f5b59674d051f7d806b07a3578e.1.llvm.16972049453251885446 256
.rodata..Lanon.c8387f5b59674d051f7d806b07a3578e.5 6
.rodata..Lanon.c8387f5b59674d051f7d806b07a3578e.8 11
.rodata..Lanon.c8387f5b59674d051f7d806b07a3578e.9 3
.rodata._RNvMNtNtCs15sMWOqKMwC_4core4char7methodsc16escape_debug_ext.llvm.14456410599684248677 160
.rodata._RNvMsa_NtCs15sMWOqKMwC_4core3fmtNtB5_9Formatter12pad_integral 16
.rodata._RNvMsa_NtCs15sMWOqKMwC_4core3fmtNtB5_9Formatter19pad_formatted_parts 16
.rodata._RNvMsa_NtCs15sMWOqKMwC_4core3fmtNtB5_9Formatter3pad 16
.rodata._RNvMsa_NtCs15sMWOqKMwC_4core3fmtNtB5_9Formatter7padding 16
.rodata..Lanon.96dcbf1a70eb04e5861b771653aaf83e.1 64
.rodata..Lanon.96dcbf1a70eb04e5861b771653aaf83e.7 6
.rodata..Lanon.96dcbf1a70eb04e5861b771653aaf83e.8 7
.rodata..Lanon.96dcbf1a70eb04e5861b771653aaf83e.10 5
.rodata..Lanon.96dcbf1a70eb04e5861b771653aaf83e.11 5
.rodata.cst4 128
.rodata..Lanon.96dcbf1a70eb04e5861b771653aaf83e.15 6
.rodata..Lanon.96dcbf1a70eb04e5861b771653aaf83e.16 45
.rodata..Lanon.96dcbf1a70eb04e5861b771653aaf83e.17 10
.rodata.anon.96dcbf1a70eb04e5861b771653aaf83e.18.llvm.14456410599684248677 5
.rodata._RINvNtNtNtNtCs15sMWOqKMwC_4core3num3imp7flt2dec7decoder6decodeC3f16EBa_ 20
.rodata._RINvNtNtNtNtCs15sMWOqKMwC_4core3num3imp7flt2dec7decoder6decodefEBa_ 20
.rodata.anon.1fd36ae44226335a71c06789eab7d4cd.2.llvm.8696903876206012342 3
.rodata.anon.1fd36ae44226335a71c06789eab7d4cd.3.llvm.8696903876206012342 2
.rodata.anon.1fd36ae44226335a71c06789eab7d4cd.4.llvm.8696903876206012342 2
.rodata.anon.1fd36ae44226335a71c06789eab7d4cd.5.llvm.8696903876206012342 3
.rodata.anon.1fd36ae44226335a71c06789eab7d4cd.6.llvm.8696903876206012342 2
.rodata.anon.1fd36ae44226335a71c06789eab7d4cd.7.llvm.8696903876206012342 1
.rodata.anon.1fd36ae44226335a71c06789eab7d4cd.8.llvm.8696903876206012342 2
.rodata..Lanon.1fd36ae44226335a71c06789eab7d4cd.9 1
.rodata..Lanon.1fd36ae44226335a71c06789eab7d4cd.10 46
.rodata..Lanon.1fd36ae44226335a71c06789eab7d4cd.13 70
.rodata.anon.1fd36ae44226335a71c06789eab7d4cd.15.llvm.8696903876206012342 7
.rodata.anon.1fd36ae44226335a71c06789eab7d4cd.16.llvm.8696903876206012342 6
.rodata.anon.1fd36ae44226335a71c06789eab7d4cd.17.llvm.8696903876206012342 3
.rodata.anon.1fd36ae44226335a71c06789eab7d4cd.18.llvm.8696903876206012342 1
.rodata..Lanon.1fd36ae44226335a71c06789eab7d4cd.20 5
.rodata.anon.1fd36ae44226335a71c06789eab7d4cd.21.llvm.8696903876206012342 1
.rodata.anon.1fd36ae44226335a71c06789eab7d4cd.22.llvm.8696903876206012342 1
.rodata..Lanon.1fd36ae44226335a71c06789eab7d4cd.23 3
.rodata..Lanon.1fd36ae44226335a71c06789eab7d4cd.24 5
.rodata..Lanon.1fd36ae44226335a71c06789eab7d4cd.25 3
.rodata..Lanon.1fd36ae44226335a71c06789eab7d4cd.26 5
.rodata.anon.1fd36ae44226335a71c06789eab7d4cd.27.llvm.8696903876206012342 1
.rodata..Lanon.1fd36ae44226335a71c06789eab7d4cd.28 46
.rodata.anon.1fd36ae44226335a71c06789eab7d4cd.31.llvm.8696903876206012342 2
.rodata.anon.1fd36ae44226335a71c06789eab7d4cd.33.llvm.8696903876206012342 1
.rodata.anon.1fd36ae44226335a71c06789eab7d4cd.34.llvm.8696903876206012342 1
.rodata..Lanon.1fd36ae44226335a71c06789eab7d4cd.36 7
.rodata._RNvXs1_NtNtCs15sMWOqKMwC_4core5ascii10ascii_charNtB5_9AsciiCharNtNtB9_3fmt5Debug3fmt 160
.rodata..Lanon.cd47649aa2ba6b655457da372faac27b.2 27
.rodata..Lanon.cd47649aa2ba6b655457da372faac27b.3 26
.rodata..Lanon.cd47649aa2ba6b655457da372faac27b.4 28
.rodata..Lanon.cd47649aa2ba6b655457da372faac27b.12 256
.rodata..Lanon.cd47649aa2ba6b655457da372faac27b.17 35
.rodata..Lanon.cd47649aa2ba6b655457da372faac27b.18 36
.rodata..Lanon.cd47649aa2ba6b655457da372faac27b.20 13
.rodata..Lanon.cd47649aa2ba6b655457da372faac27b.22 6
.rodata..Lanon.cd47649aa2ba6b655457da372faac27b.23 10
.rodata..Lanon.cd47649aa2ba6b655457da372faac27b.25 12
.rodata..Lanon.cd47649aa2ba6b655457da372faac27b.26 2
.rodata.cst32 64
.rodata..Lanon.cd47649aa2ba6b655457da372faac27b.28 24
.rodata._RNvNtNtNtCs15sMWOqKMwC_4core7unicode12unicode_data1n7OFFSETS 291
.rodata..Lanon.57af0cf0f02bf4b0f4c41ed4552e63c3.7 1
.rodata.anon.57af0cf0f02bf4b0f4c41ed4552e63c3.8.llvm.12404373913841811123 200
.rodata..Lanon.57af0cf0f02bf4b0f4c41ed4552e63c3.10 1
.rodata._RNvNtNtNtCs15sMWOqKMwC_4core7unicode12unicode_data1n17SHORT_OFFSET_RUNS 172
.rodata..Lanon.57af0cf0f02bf4b0f4c41ed4552e63c3.11 2
.rodata..Lanon.57af0cf0f02bf4b0f4c41ed4552e63c3.12 2
.rodata.cst8 200
.rodata..Lanon.57af0cf0f02bf4b0f4c41ed4552e63c3.14 2
.rodata.anon.57af0cf0f02bf4b0f4c41ed4552e63c3.16.llvm.12404373913841811123 2
.rodata..Lanon.57af0cf0f02bf4b0f4c41ed4552e63c3.17 35
.rodata..Lanon.57af0cf0f02bf4b0f4c41ed4552e63c3.18 29
.rodata..Lanon.57af0cf0f02bf4b0f4c41ed4552e63c3.20 41
.rodata..Lanon.f317dc6a3fdf3b82bcc63d1c6364fd0d.2 25
.rodata..Lanon.f317dc6a3fdf3b82bcc63d1c6364fd0d.3 59
.rodata..Lanon.f317dc6a3fdf3b82bcc63d1c6364fd0d.4 57
.rodata..Lanon.f317dc6a3fdf3b82bcc63d1c6364fd0d.5 28
.rodata..Lanon.f317dc6a3fdf3b82bcc63d1c6364fd0d.6 31
.rodata..Lanon.f317dc6a3fdf3b82bcc63d1c6364fd0d.7 33
.rodata..Lanon.f317dc6a3fdf3b82bcc63d1c6364fd0d.8 31
.rodata..Lanon.f317dc6a3fdf3b82bcc63d1c6364fd0d.9 48
.rodata..Lanon.f317dc6a3fdf3b82bcc63d1c6364fd0d.10 35
.rodata..Lanon.f317dc6a3fdf3b82bcc63d1c6364fd0d.11 36
.rodata..Lanon.f317dc6a3fdf3b82bcc63d1c6364fd0d.12 33
.rodata..Lanon.f317dc6a3fdf3b82bcc63d1c6364fd0d.13 35
.rodata..Lanon.f317dc6a3fdf3b82bcc63d1c6364fd0d.14 33
.rodata..Lanon.f317dc6a3fdf3b82bcc63d1c6364fd0d.15 34
.rodata..Lanon.f317dc6a3fdf3b82bcc63d1c6364fd0d.16 58
.rodata..Lanon.f317dc6a3fdf3b82bcc63d1c6364fd0d.17 39
.rodata..Lanon.f317dc6a3fdf3b82bcc63d1c6364fd0d.18 35
.rodata..Lanon.f317dc6a3fdf3b82bcc63d1c6364fd0d.19 34
.rodata..Lanon.f317dc6a3fdf3b82bcc63d1c6364fd0d.20 34
.rodata..Lanon.f317dc6a3fdf3b82bcc63d1c6364fd0d.21 33
.rodata..Lanon.f317dc6a3fdf3b82bcc63d1c6364fd0d.22 39
.rodata..Lanon.f317dc6a3fdf3b82bcc63d1c6364fd0d.23 38
.rodata..Lanon.f317dc6a3fdf3b82bcc63d1c6364fd0d.24 76
.rodata..Lanon.f317dc6a3fdf3b82bcc63d1c6364fd0d.28 3
.rodata..Lanon.f317dc6a3fdf3b82bcc63d1c6364fd0d.30 41
.rodata..Lanon.f317dc6a3fdf3b82bcc63d1c6364fd0d.31 11
.rodata..Lanon.f317dc6a3fdf3b82bcc63d1c6364fd0d.36 43
.rodata..Lanon.f317dc6a3fdf3b82bcc63d1c6364fd0d.38 5
.rodata..Lanon.f317dc6a3fdf3b82bcc63d1c6364fd0d.47 18
.rodata..Lanon.f317dc6a3fdf3b82bcc63d1c6364fd0d.49 2
.rodata._RNvXs3_NtCs15sMWOqKMwC_4core4bstrNtB5_7ByteStrNtNtB7_3fmt7Display3fmt 16
.rodata..Lanon.bd3bd9956ef1bf1cb797deddd86260f5.1 19
.rodata..Lanon.bd3bd9956ef1bf1cb797deddd86260f5.3 3
.rodata..Lanon.bd3bd9956ef1bf1cb797deddd86260f5.4 1
.rodata..Lanon.bd3bd9956ef1bf1cb797deddd86260f5.6 2
.rodata..Lanon.bd3bd9956ef1bf1cb797deddd86260f5.10 25
.rodata..Lanon.bd3bd9956ef1bf1cb797deddd86260f5.11 30
.rodata..Lanon.bd3bd9956ef1bf1cb797deddd86260f5.12 11
.rodata..Lanon.bd3bd9956ef1bf1cb797deddd86260f5.13 6
.rodata..Lanon.bd3bd9956ef1bf1cb797deddd86260f5.14 1
.rodata._RNvNvXs1_NtCs15sMWOqKMwC_4core4wtf8NtB7_4Wtf8NtNtB9_3fmt5Debug3fmt17write_str_escaped 140
.rodata._RNvNtNtNtCs15sMWOqKMwC_4core7unicode12unicode_data15grapheme_extend7OFFSETS 767
.rodata..Lanon.b990789ee3026bf83f58561a0410751c.12 50
.rodata._RNvNtNtNtCs15sMWOqKMwC_4core7unicode12unicode_data15grapheme_extend17SHORT_OFFSET_RUNS 132
.rodata..Lanon.b990789ee3026bf83f58561a0410751c.13 2
.rodata..Lanon.b990789ee3026bf83f58561a0410751c.15 11
.rodata..Lanon.b990789ee3026bf83f58561a0410751c.19 24
.rodata..Lanon.b990789ee3026bf83f58561a0410751c.26 6
.rodata..Lanon.b990789ee3026bf83f58561a0410751c.27 28
.rodata..Lanon.b990789ee3026bf83f58561a0410751c.28 24
.rodata..Lanon.b990789ee3026bf83f58561a0410751c.29 24
.rodata..Lanon.b990789ee3026bf83f58561a0410751c.30 14
.rodata..Lanon.b990789ee3026bf83f58561a0410751c.32 11
.rodata..Lanon.b990789ee3026bf83f58561a0410751c.33 1
.rodata._RNvNvXsa_NtCs15sMWOqKMwC_4core4timeNtB7_8DurationNtNtB9_3fmt5Debug3fmt11fmt_decimal 16
.rodata._RNvXs0_NtNtCs15sMWOqKMwC_4core3str5lossyNtB5_5DebugNtNtB9_3fmt5Debug3fmt 140
.rodata._RNvNtNtNtCs15sMWOqKMwC_4core7unicode12unicode_data11white_space14WHITESPACE_MAP 256
.rodata._RNvNtNtNtCs15sMWOqKMwC_4core7unicode12unicode_data9uppercase17BITSET_CHUNKS_MAP 125
.rodata..Lanon.c6e6f5a263d2578c209b0dca032cf990.5 10
.rodata..Lanon.c6e6f5a263d2578c209b0dca032cf990.11 43
.rodata.anon.c6e6f5a263d2578c209b0dca032cf990.12.llvm.11147084266291287917 92
.rodata.anon.c6e6f5a263d2578c209b0dca032cf990.13.llvm.11147084266291287917 212
.rodata.anon.c6e6f5a263d2578c209b0dca032cf990.14.llvm.11147084266291287917 504
.rodata.anon.c6e6f5a263d2578c209b0dca032cf990.15.llvm.11147084266291287917 76
.rodata.anon.c6e6f5a263d2578c209b0dca032cf990.16.llvm.11147084266291287917 284
.rodata.anon.c6e6f5a263d2578c209b0dca032cf990.17.llvm.11147084266291287917 292
.rodata._RNvNtNtNtCs15sMWOqKMwC_4core7unicode12unicode_data9uppercase14BITSET_MAPPING 50
.rodata._RNvNtNtNtCs15sMWOqKMwC_4core7unicode12unicode_data9uppercase16BITSET_CANONICAL 352
.rodata._RNvNtNtNtCs15sMWOqKMwC_4core7unicode12unicode_data9uppercase19BITSET_INDEX_CHUNKS 272
.rodata._RNvNtNtNtNtCs15sMWOqKMwC_4core3num3imp7dec2flt5table17POWER_OF_FIVE_128 10416
.rodata..Lanon.c6e6f5a263d2578c209b0dca032cf990.25 11
.rodata..Lanon.c6e6f5a263d2578c209b0dca032cf990.27 256
.rodata..Lanon.c6e6f5a263d2578c209b0dca032cf990.29 10
.rodata..Lanon.c6e6f5a263d2578c209b0dca032cf990.31 6
.rodata..Lanon.c6e6f5a263d2578c209b0dca032cf990.35 1
.rodata..Lanon.c6e6f5a263d2578c209b0dca032cf990.36 2
.rodata..Lanon.c6e6f5a263d2578c209b0dca032cf990.37 3
.rodata..Lanon.c6e6f5a263d2578c209b0dca032cf990.38 2
.rodata..Lanon.c6e6f5a263d2578c209b0dca032cf990.39 1
.rodata..Lanon.c6e6f5a263d2578c209b0dca032cf990.40 59
.rodata..Lanon.c6e6f5a263d2578c209b0dca032cf990.41 72
.rodata._RNvNtNtNtCs15sMWOqKMwC_4core7unicode12unicode_data9lowercase17BITSET_CHUNKS_MAP 123
.rodata.anon.9b18ad20dfe73df7bc476fc99721d942.0.llvm.5319145207364111746 128
.rodata..Lanon.9b18ad20dfe73df7bc476fc99721d942.8 71
.rodata._RNvNtNtNtCs15sMWOqKMwC_4core7unicode12unicode_data9lowercase14BITSET_MAPPING 44
.rodata._RNvNtNtNtCs15sMWOqKMwC_4core7unicode12unicode_data9lowercase16BITSET_CANONICAL 456
.rodata._RNvNtNtNtCs15sMWOqKMwC_4core7unicode12unicode_data9lowercase19BITSET_INDEX_CHUNKS 320
.rodata.anon.9b18ad20dfe73df7bc476fc99721d942.13.llvm.5319145207364111746 256
.rodata.anon.9b18ad20dfe73df7bc476fc99721d942.14.llvm.5319145207364111746 64
.rodata..Lanon.9b18ad20dfe73df7bc476fc99721d942.15 25
.rodata..Lanon.9b18ad20dfe73df7bc476fc99721d942.16 27
.rodata..Lanon.9b18ad20dfe73df7bc476fc99721d942.17 27
.rodata..Lanon.9b18ad20dfe73df7bc476fc99721d942.18 29
.rodata..Lanon.9b18ad20dfe73df7bc476fc99721d942.19 34
.rodata..Lanon.9b18ad20dfe73df7bc476fc99721d942.20 34
.rodata..Lanon.9b18ad20dfe73df7bc476fc99721d942.21 31
.rodata..Lswitch.table._RNvXsb_NtNtCs15sMWOqKMwC_4core3net6parserNtB5_14AddrParseErrorNtNtB9_3fmt7Display3fmt 24
.rodata._RNvNtNtNtCs15sMWOqKMwC_4core7unicode12unicode_data5cased7OFFSETS 313
.rodata..Lanon.04c1d3e060c55e85fc7904c0e8468d7b.2 1
.rodata..Lanon.04c1d3e060c55e85fc7904c0e8468d7b.6 1
.rodata._RNvNtNtNtCs15sMWOqKMwC_4core7unicode12unicode_data5cased17SHORT_OFFSET_RUNS 88
.rodata._RINvXs0_NtNtNtCs15sMWOqKMwC_4core4iter8adapters3mapINtB6_3MapNtNtNtBc_3str4iter5CharsNtB11_17CharEscapeDefaultENtNtNtBa_6traits8iterator8Iterator8try_folduNCINvNvMsg_NtB8_7flattenINtB2E_13FlattenCompatppE13iter_try_fold7flattenNtNtBc_4char13EscapeDefaultuINtNtBc_6result6ResultuNtNtBc_3fmt5ErrorENCINvNvXsi_B2E_B2R_B1L_8try_fold7flattenB3D_uB45_NCINvNvB1L_12try_for_each4callcB45_NCNvXs23_BZ_NtBZ_13EscapeDefaultNtB4u_7Display3fmt0E0E0E0B45_EBc_ 124
.rodata._RINvXs_NtNtNtCs15sMWOqKMwC_4core4iter8adapters5chainINtB5_5ChainINtNtB7_7flatten7FlattenINtNtBb_6option8IntoIterNtNtBb_4char11EscapeDebugEEINtB13_7FlatMapNtNtNtBb_3str4iter5CharsB1M_NtB2w_23CharEscapeDebugContinueEENtNtNtB9_6traits8iterator8Iterator8try_folduNCINvNvB3r_12try_for_each4callcINtNtBb_6result6ResultuNtNtBb_3fmt5ErrorENCNvXs20_B2u_NtB2u_11EscapeDebugNtB53_7Display3fmt0E0B4E_EBb_ 160
.rodata._RNvMNtCs15sMWOqKMwC_4core3stre12escape_debug 160
.rodata._RNvNtNtNtCs15sMWOqKMwC_4core7unicode12unicode_data10alphabetic7OFFSETS 1519
.rodata..Lanon.6bae330515eb583857e6f072fa2c9181.4 22
.rodata..Lanon.6bae330515eb583857e6f072fa2c9181.14 36
.rodata..Lanon.6bae330515eb583857e6f072fa2c9181.16 2
.rodata..Lanon.6bae330515eb583857e6f072fa2c9181.17 2
.rodata..Lanon.6bae330515eb583857e6f072fa2c9181.18 7
.rodata..Lanon.6bae330515eb583857e6f072fa2c9181.21 38
.rodata..Lanon.6bae330515eb583857e6f072fa2c9181.23 33
.rodata..Lanon.6bae330515eb583857e6f072fa2c9181.24 57
.rodata..Lanon.6bae330515eb583857e6f072fa2c9181.25 83
.rodata..Lanon.6bae330515eb583857e6f072fa2c9181.26 46
.rodata._RNvNtNtNtCs15sMWOqKMwC_4core7unicode12unicode_data10alphabetic17SHORT_OFFSET_RUNS 204
.rodata..Lswitch.table._RNvNtCs15sMWOqKMwC_4core9panicking19assert_failed_inner.23 12
.rodata._RNvNtNtNtCs15sMWOqKMwC_4core7unicode12unicode_data14case_ignorable7OFFSETS 919
.rodata.anon.fee15353db22a075e93701e857e10933.6.llvm.12570056724322747691 46
.rodata._RNvNtNtNtCs15sMWOqKMwC_4core7unicode12unicode_data14case_ignorable17SHORT_OFFSET_RUNS 144
.rodata..Lanon.fee15353db22a075e93701e857e10933.9 130
.rodata..Lanon.fee15353db22a075e93701e857e10933.10 1308
.rodata..Lanon.fee15353db22a075e93701e857e10933.17 45
.rodata..Lanon.fee15353db22a075e93701e857e10933.18 36
.rodata..Lanon.fee15353db22a075e93701e857e10933.19 21
.rodata._RINvNtNtNtCs15sMWOqKMwC_4core3num3imp7flt2dec15to_shortest_strC3f16NvNtNtB2_8strategy5grisu15format_shortestEB8_ 20
.rodata._RINvNtNtNtCs15sMWOqKMwC_4core3num3imp7flt2dec15to_shortest_strfNvNtNtB2_8strategy5grisu15format_shortestEB8_ 20
.rodata._RINvNtNtNtCs15sMWOqKMwC_4core3num3imp7flt2dec16to_exact_exp_strC3f16NvNtNtB2_8strategy5grisu12format_exactEB8_ 20
.rodata._RINvNtNtNtCs15sMWOqKMwC_4core3num3imp7flt2dec16to_exact_exp_strfNvNtNtB2_8strategy5grisu12format_exactEB8_ 20
.rodata._RINvNtNtNtCs15sMWOqKMwC_4core3num3imp7flt2dec18to_exact_fixed_strC3f16NvNtNtB2_8strategy5grisu12format_exactEB8_ 20
.rodata._RINvNtNtNtCs15sMWOqKMwC_4core3num3imp7flt2dec18to_exact_fixed_strfNvNtNtB2_8strategy5grisu12format_exactEB8_ 20
.rodata._RINvNtNtNtCs15sMWOqKMwC_4core3num3imp7flt2dec19to_shortest_exp_strC3f16NvNtNtB2_8strategy5grisu15format_shortestEB8_ 20
.rodata._RINvNtNtNtCs15sMWOqKMwC_4core3num3imp7flt2dec19to_shortest_exp_strfNvNtNtB2_8strategy5grisu15format_shortestEB8_ 20
.rodata.anon.26e9c4544899354808e92bed55c7cd22.0.llvm.10578411122566958836 34
.rodata.anon.26e9c4544899354808e92bed55c7cd22.3.llvm.10578411122566958836 45
.rodata.anon.26e9c4544899354808e92bed55c7cd22.5.llvm.10578411122566958836 1
.rodata.anon.26e9c4544899354808e92bed55c7cd22.6.llvm.10578411122566958836 1
.rodata.anon.26e9c4544899354808e92bed55c7cd22.7.llvm.10578411122566958836 3
.rodata.anon.26e9c4544899354808e92bed55c7cd22.8.llvm.10578411122566958836 3
.rodata.anon.26e9c4544899354808e92bed55c7cd22.9.llvm.10578411122566958836 1
.rodata.anon.26e9c4544899354808e92bed55c7cd22.10.llvm.10578411122566958836 2
.rodata.anon.26e9c4544899354808e92bed55c7cd22.11.llvm.10578411122566958836 34
.rodata..Lanon.26e9c4544899354808e92bed55c7cd22.13 29
.rodata.anon.26e9c4544899354808e92bed55c7cd22.15.llvm.10578411122566958836 3
.rodata.anon.26e9c4544899354808e92bed55c7cd22.16.llvm.10578411122566958836 3
.rodata..Lanon.26e9c4544899354808e92bed55c7cd22.17 2
.rodata..Lanon.26e9c4544899354808e92bed55c7cd22.18 2
.rodata..Lanon.26e9c4544899354808e92bed55c7cd22.19 61
.rodata..Lanon.26e9c4544899354808e92bed55c7cd22.23 37
.rodata.anon.26e9c4544899354808e92bed55c7cd22.27.llvm.10578411122566958836 46
.rodata..Lanon.26e9c4544899354808e92bed55c7cd22.29 33
.rodata..Lanon.26e9c4544899354808e92bed55c7cd22.31 31
.rodata..Lanon.26e9c4544899354808e92bed55c7cd22.34 1
.rodata..Lanon.26e9c4544899354808e92bed55c7cd22.38 1
.rodata..Lanon.26e9c4544899354808e92bed55c7cd22.39 1
.rodata..Lanon.26e9c4544899354808e92bed55c7cd22.40 2
.rodata..Lanon.26e9c4544899354808e92bed55c7cd22.41 2
.rodata._RNvNtNtNtNtNtCs15sMWOqKMwC_4core3num3imp7flt2dec8strategy5grisu12CACHED_POW10 972
.rodata..Lanon.fddeb2bb93148657065203779e602883.6 28
.rodata..Lanon.fddeb2bb93148657065203779e602883.9 36
.rodata..Lanon.fddeb2bb93148657065203779e602883.11 33
.rodata..Lanon.fddeb2bb93148657065203779e602883.19 29
.rodata..Lanon.fddeb2bb93148657065203779e602883.21 28
.rodata..Lanon.fddeb2bb93148657065203779e602883.23 45
.rodata..Lanon.fddeb2bb93148657065203779e602883.25 45
.rodata..Lanon.fddeb2bb93148657065203779e602883.30 55
.rodata..Lanon.fddeb2bb93148657065203779e602883.32 54
.rodata._RNvNtNtNtNtNtCs15sMWOqKMwC_4core3num3imp7flt2dec8strategy6dragon5POW10 40
.rodata._RNvNtNtNtNtNtCs15sMWOqKMwC_4core3num3imp7flt2dec8strategy6dragon8POW5TO16 8
.rodata._RNvNtNtNtNtNtCs15sMWOqKMwC_4core3num3imp7flt2dec8strategy6dragon8POW5TO32 12
.rodata._RNvNtNtNtNtNtCs15sMWOqKMwC_4core3num3imp7flt2dec8strategy6dragon8POW5TO64 20
.rodata._RNvNtNtNtNtNtCs15sMWOqKMwC_4core3num3imp7flt2dec8strategy6dragon9POW5TO128 40
.rodata._RNvNtNtNtNtNtCs15sMWOqKMwC_4core3num3imp7flt2dec8strategy6dragon9POW5TO256 76
.rodata..Lanon.fddeb2bb93148657065203779e602883.59 39
.rodata..Lanon.fddeb2bb93148657065203779e602883.60 47
.rodata..Lanon.fddeb2bb93148657065203779e602883.61 38
.rodata..Lanon.fddeb2bb93148657065203779e602883.62 29
.rodata..Lanon.fddeb2bb93148657065203779e602883.63 38
.rodata..Lanon.fddeb2bb93148657065203779e602883.64 38
.rodata..Lanon.fddeb2bb93148657065203779e602883.65 38
.rodata..Lanon.fddeb2bb93148657065203779e602883.66 44
.rodata..Lswitch.table._RNvXs3_NtNtCs15sMWOqKMwC_4core3num5errorNtB5_13ParseIntErrorNtNtB9_3fmt7Display3fmt 20
.rodata.anon.c1981213e1a64bebdda065a7b8652659.0.llvm.15192244485746149047 29
.rodata.anon.c1981213e1a64bebdda065a7b8652659.6.llvm.15192244485746149047 27
.rodata.anon.c1981213e1a64bebdda065a7b8652659.7.llvm.15192244485746149047 26
.rodata.anon.c1981213e1a64bebdda065a7b8652659.8.llvm.15192244485746149047 29
.rodata..Lanon.c1981213e1a64bebdda065a7b8652659.9 28
.rodata..Lanon.c1981213e1a64bebdda065a7b8652659.10 31
.rodata..Lanon.c1981213e1a64bebdda065a7b8652659.11 33
.rodata..Lanon.c1981213e1a64bebdda065a7b8652659.12 31
.rodata..Lanon.c1981213e1a64bebdda065a7b8652659.13 48
.rodata..Lanon.c1981213e1a64bebdda065a7b8652659.14 35
.rodata..Lanon.c1981213e1a64bebdda065a7b8652659.15 36
.rodata..Lanon.c1981213e1a64bebdda065a7b8652659.16 33
.rodata..Lanon.c1981213e1a64bebdda065a7b8652659.17 1032
.rodata..Lanon.c1981213e1a64bebdda065a7b8652659.19 72
.rodata..Lanon.c1981213e1a64bebdda065a7b8652659.20 1110
.rodata..Lanon.c1981213e1a64bebdda065a7b8652659.21 816
.rodata..Lanon.c1981213e1a64bebdda065a7b8652659.22 72
.rodata..Lanon.c1981213e1a64bebdda065a7b8652659.23 11
.rodata..Lanon.c1981213e1a64bebdda065a7b8652659.26 6
.rodata..Lanon.c1981213e1a64bebdda065a7b8652659.32 43
.rodata..Lanon.c1981213e1a64bebdda065a7b8652659.38 6
.rodata..Lanon.c1981213e1a64bebdda065a7b8652659.39 10
.rodata..Lanon.c1981213e1a64bebdda065a7b8652659.40 5
.rodata..Lanon.64b99d1d51c0324f40f0b734418e7de6.0 24
.rodata._RNvNtNtNtNtCsgiWFL2Drjr_17compiler_builtins4math9libm_math7generic4sqrt9RSQRT_TAB 256
.eh_frame 60
.text 16
.text._RNvCsd9V5JTpRtX7_7___rustc17rust_begin_unwind 131
.text._RNvNtCs29ON0gyC4jd_5kfs_210vga_buffer12flush_screen 335
.text._RNvXs0_NtCs29ON0gyC4jd_5kfs_210vga_bufferNtB5_8TerminalNtNtCs15sMWOqKMwC_4core3fmt5Write9write_str 920
.text._RNvXs1i_NtCs15sMWOqKMwC_4core3fmtRNtNtNtB8_5panic10panic_info9PanicInfoNtB6_7Display3fmtCs29ON0gyC4jd_5kfs_2 33
.text._RNvXsK_NtCs15sMWOqKMwC_4core3fmtNtB5_5ErrorNtB5_5Debug3fmt 135
.text._RNvYNtNtCs29ON0gyC4jd_5kfs_210vga_buffer8TerminalNtNtCs15sMWOqKMwC_4core3fmt5Write10write_charB6_ 186
.text._RNvYNtNtCs29ON0gyC4jd_5kfs_210vga_buffer8TerminalNtNtCs15sMWOqKMwC_4core3fmt5Write9write_fmtB6_ 69
.text.kmain 4359
.text._RINvNtCs15sMWOqKMwC_4core6escape12escape_asciiKj4_EB4_ 127
.text._RINvNtCs15sMWOqKMwC_4core6escape12escape_asciiKja_EB4_ 156
.text._RNvMs0_NtCs15sMWOqKMwC_4core6escapeINtB5_15EscapeIterInnerKja_NtB5_12MaybeEscapedE4nextB7_ 44
.text._RNvMs_NtCs15sMWOqKMwC_4core6escapeINtB4_15EscapeIterInnerKj4_NtB4_13AlwaysEscapedE4nextB6_ 35
.text._RNvMs_NtCs15sMWOqKMwC_4core6escapeINtB4_15EscapeIterInnerKj4_NtB4_13AlwaysEscapedE9next_backB6_ 38
.text._RNvMs_NtCs15sMWOqKMwC_4core6escapeINtB4_15EscapeIterInnerKja_NtB4_13AlwaysEscapedE4nextB6_ 35
.text.unlikely._RNvNtNtCs15sMWOqKMwC_4core5slice5index16slice_index_fail 192
.text._RNvXNtNtCs15sMWOqKMwC_4core3ffi7va_listNtB2_6VaListNtNtB6_3fmt5Debug3fmt 186
.text._RNvXs11_NtNtCs15sMWOqKMwC_4core3num7nonzeroINtB6_7NonZerotENtNtNtBa_3str6traits7FromStr8from_str 349
.text._RNvXs18_NtNtCs15sMWOqKMwC_4core3num7nonzeroINtB6_7NonZeromENtNtNtBa_3str6traits7FromStr8from_str 396
.text._RNvXs1A_NtNtCs15sMWOqKMwC_4core3num7nonzeroINtB6_7NonZeroaENtNtNtBa_3str6traits7FromStr8from_str 316
.text._RNvXs1E_NtNtCs15sMWOqKMwC_4core3num7nonzeroINtB6_7NonZerosENtNtNtBa_3str6traits7FromStr8from_str 428
.text._RNvXs1I_NtNtCs15sMWOqKMwC_4core3num7nonzeroINtB6_7NonZerolENtNtNtBa_3str6traits7FromStr8from_str 485
.text._RNvXs1M_NtNtCs15sMWOqKMwC_4core3num7nonzeroINtB6_7NonZeroxENtNtNtBa_3str6traits7FromStr8from_str 511
.text._RNvXs1Q_NtNtCs15sMWOqKMwC_4core3num7nonzeroINtB6_7NonZeronENtNtNtBa_3str6traits7FromStr8from_str 870
.text._RNvXs1_NtCs15sMWOqKMwC_4core6escapeINtB5_15EscapeIterInnerKj4_NtB5_13AlwaysEscapedENtNtB7_3fmt7Display3fmtB7_ 50
.text._RNvXs1_NtCs15sMWOqKMwC_4core6escapeINtB5_15EscapeIterInnerKja_NtB5_13AlwaysEscapedENtNtB7_3fmt7Display3fmtB7_ 50
.text._RNvXs1f_NtNtCs15sMWOqKMwC_4core3num7nonzeroINtB6_7NonZeroyENtNtNtBa_3str6traits7FromStr8from_str 323
.text._RNvXs1m_NtNtCs15sMWOqKMwC_4core3num7nonzeroINtB6_7NonZerooENtNtNtBa_3str6traits7FromStr8from_str 481
.text._RNvXs2_NtCs15sMWOqKMwC_4core6escapeINtB5_15EscapeIterInnerKja_NtB5_12MaybeEscapedENtNtB7_3fmt7Display3fmtB7_ 73
.text._RNvXsU_NtNtCs15sMWOqKMwC_4core3num7nonzeroINtB5_7NonZerohENtNtNtB9_3str6traits7FromStr8from_str 219
.text._RNvXsc_NtNtCs15sMWOqKMwC_4core3ffi7va_listNtB5_11VaListInnerNtNtB9_3fmt5Debug3fmt 168
.text._RNvMNtNtCs15sMWOqKMwC_4core4char7methodsc16escape_debug_ext.llvm.14456410599684248677 613
.text._RNvMs9_NtCs15sMWOqKMwC_4core3fmtNtB5_11PostPadding5write 100
.text._RNvMs_NtCs15sMWOqKMwC_4core3fmtNtB4_17FormattingOptions8get_fill 12
.text._RNvMsa_NtCs15sMWOqKMwC_4core3fmtNtB5_9Formatter10debug_list 60
.text._RNvMsa_NtCs15sMWOqKMwC_4core3fmtNtB5_9Formatter11debug_tuple 72
.text._RNvMsa_NtCs15sMWOqKMwC_4core3fmtNtB5_9Formatter12debug_struct 59
.text._RNvMsa_NtCs15sMWOqKMwC_4core3fmtNtB5_9Formatter12pad_integral 772
.text._RNvMsa_NtCs15sMWOqKMwC_4core3fmtNtB5_9Formatter19pad_formatted_parts 579
.text._RNvMsa_NtCs15sMWOqKMwC_4core3fmtNtB5_9Formatter21write_formatted_parts.llvm.14456410599684248677 563
.text._RNvMsa_NtCs15sMWOqKMwC_4core3fmtNtB5_9Formatter25debug_tuple_field1_finish 187
.text._RNvMsa_NtCs15sMWOqKMwC_4core3fmtNtB5_9Formatter25debug_tuple_field2_finish 205
.text._RNvMsa_NtCs15sMWOqKMwC_4core3fmtNtB5_9Formatter25debug_tuple_field3_finish 221
.text._RNvMsa_NtCs15sMWOqKMwC_4core3fmtNtB5_9Formatter25debug_tuple_field4_finish 238
.text._RNvMsa_NtCs15sMWOqKMwC_4core3fmtNtB5_9Formatter25debug_tuple_field5_finish 255
.text._RNvMsa_NtCs15sMWOqKMwC_4core3fmtNtB5_9Formatter25debug_tuple_fields_finish 221
.text._RNvMsa_NtCs15sMWOqKMwC_4core3fmtNtB5_9Formatter26debug_struct_field1_finish 160
.text._RNvMsa_NtCs15sMWOqKMwC_4core3fmtNtB5_9Formatter26debug_struct_field2_finish 185
.text._RNvMsa_NtCs15sMWOqKMwC_4core3fmtNtB5_9Formatter26debug_struct_field3_finish 211
.text._RNvMsa_NtCs15sMWOqKMwC_4core3fmtNtB5_9Formatter26debug_struct_field4_finish 236
.text._RNvMsa_NtCs15sMWOqKMwC_4core3fmtNtB5_9Formatter26debug_struct_field5_finish 261
.text._RNvMsa_NtCs15sMWOqKMwC_4core3fmtNtB5_9Formatter26debug_struct_fields_finish 264
.text._RNvMsa_NtCs15sMWOqKMwC_4core3fmtNtB5_9Formatter3pad 663
.text._RNvMsa_NtCs15sMWOqKMwC_4core3fmtNtB5_9Formatter4fill 13
.text._RNvMsa_NtCs15sMWOqKMwC_4core3fmtNtB5_9Formatter7padding 161
.text._RNvMsa_NtCs15sMWOqKMwC_4core3fmtNtB5_9Formatter9debug_map 66
.text._RNvMsa_NtCs15sMWOqKMwC_4core3fmtNtB5_9Formatter9debug_set 60
.text._RNvMsa_NtCs15sMWOqKMwC_4core3fmtNtB5_9Formatter9write_str 38
.text._RNvNtCs15sMWOqKMwC_4core3fmt17pointer_fmt_inner 165
.text._RNvNtCs15sMWOqKMwC_4core3fmt5write 438
.text.unlikely._RNvNtCs15sMWOqKMwC_4core6result13unwrap_failed 105
.text._RNvNvMsa_NtCs15sMWOqKMwC_4core3fmtNtB7_9Formatter12pad_integral12write_prefix 75
.text._RNvXNtCs15sMWOqKMwC_4core3ffiNtB2_6c_voidNtNtB4_3fmt5Debug3fmt 39
.text._RNvXs1_NtNtCs15sMWOqKMwC_4core4task4wakeNtB5_7ContextNtNtB9_3fmt5Debug3fmt 162
.text._RNvXs1g_NtCs15sMWOqKMwC_4core3fmtRDNtB6_5DebugEL_Bx_3fmtB8_ 34
.text._RNvXs1g_NtCs15sMWOqKMwC_4core3fmtRNtNtNtB8_4task4wake5WakerNtB6_5Debug3fmtB8_ 203
.text._RNvXs1g_NtCs15sMWOqKMwC_4core3fmtRPNtNtB8_3ffi6c_voidNtB6_5Debug3fmtB8_ 165
.text._RNvXs1g_NtCs15sMWOqKMwC_4core3fmtReNtB6_5Debug3fmtB8_ 36
.text._RNvXs1g_NtCs15sMWOqKMwC_4core3fmtRjNtB6_5Debug3fmtB8_ 158
.text._RNvXs1g_NtCs15sMWOqKMwC_4core3fmtRyNtB6_5Debug3fmtB8_ 213
.text._RNvXs1i_NtCs15sMWOqKMwC_4core3fmtReNtB6_7Display3fmtB8_ 36
.text._RNvXs1i_NtCs15sMWOqKMwC_4core3fmtRjNtB6_7Display3fmtB8_ 33
.text._RNvXs1o_NtCs15sMWOqKMwC_4core3fmtRtNtB6_8LowerHex3fmtB8_ 94
.text._RNvXs7_NtCs15sMWOqKMwC_4core3fmtNtB5_9ArgumentsNtB5_5Debug3fmt 41
.text._RNvXs8_NtCs15sMWOqKMwC_4core3fmtNtB5_9ArgumentsNtB5_7Display3fmt 41
.text._RNvXs9_NtNtCs15sMWOqKMwC_4core4task4wakeNtB5_5WakerNtNtB9_3fmt5Debug3fmt 201
.text._RNvXs_NtNtCs15sMWOqKMwC_4core3ops9try_traitINtB4_7WrappedctNCNvNtNtNtB8_7unicode12unicode_data11conversions6lookups0_0EINtNtB6_8function5FnMutTtEE8call_mutB8_ 20
.text._RNvXsb_NtCs15sMWOqKMwC_4core3fmtNtB5_9FormatterNtB5_5Write10write_char 34
.text._RNvXsc_NtCs15sMWOqKMwC_4core3fmtNtB5_5ErrorNtB5_7Display3fmt 36
.text._RNvXsf_NtNtCs15sMWOqKMwC_4core4task4wakeNtB5_10LocalWakerNtNtB9_3fmt5Debug3fmt 201
.text._RNvXsg_NtCs15sMWOqKMwC_4core3fmtbNtB5_7Display3fmt 60
.text._RNvXsh_NtCs15sMWOqKMwC_4core3fmteNtB5_5Debug3fmt 885
.text._RNvXsi_NtCs15sMWOqKMwC_4core3fmteNtB5_7Display3fmt 35
.text._RNvXsj_NtCs15sMWOqKMwC_4core3fmtcNtB5_5Debug3fmt 133
.text._RNvXsk_NtCs15sMWOqKMwC_4core3fmtcNtB5_7Display3fmt 216
.text._RNvXsp_NtCs15sMWOqKMwC_4core3fmtPNtNtNtB7_4task4wake14RawWakerVTableNtB5_5Debug3fmtB7_ 165
.text._RNvYNCNvNvMs6_NtNtCs15sMWOqKMwC_4core4task4wakeNtBc_5Waker11from_fn_ptr6VTABLE0INtNtNtBg_3ops8function6FnOnceTPuEE9call_onceBg_ 23
.text._RNvYNCNvNvMs6_NtNtCs15sMWOqKMwC_4core4task4wakeNtBc_5Waker11from_fn_ptr6VTABLEs0_0INtNtNtBg_3ops8function6FnOnceTPuEE9call_onceBg_ 19
.text._RNvYNCNvNvMs6_NtNtCs15sMWOqKMwC_4core4task4wakeNtBc_5Waker11from_fn_ptr6VTABLEs1_0INtNtNtBg_3ops8function6FnOnceTPuEE9call_onceBg_ 1
.text._RNvYNCNvNvMsb_NtNtCs15sMWOqKMwC_4core4task4wakeNtBc_10LocalWaker11from_fn_ptr6VTABLE0INtNtNtBg_3ops8function6FnOnceTPuEE9call_onceBg_ 23
.text._RINvMs5_NtNtCs15sMWOqKMwC_4core3fmt8buildersNtB6_9DebugList7entriesNtNvXsd_NtBa_4wtf8NtB1b_10EncodeWideNtB8_5Debug3fmt8CodeUnitINtNtNtNtBa_4iter8adapters3map3MapB1l_NcB13_0EEBa_ 243
.text._RINvMs5_NtNtCs15sMWOqKMwC_4core3fmt8buildersNtB6_9DebugList7entriescNtNtNtBa_3str4iter5CharsEBa_ 211
.text._RINvNtNtNtNtCs15sMWOqKMwC_4core3num3imp7flt2dec7decoder6decodeC3f16EBa_ 268
.text._RINvNtNtNtNtCs15sMWOqKMwC_4core3num3imp7flt2dec7decoder6decodedEBa_ 311
.text._RINvNtNtNtNtCs15sMWOqKMwC_4core3num3imp7flt2dec7decoder6decodefEBa_ 254
.text._RNvMs1_NtNtCs15sMWOqKMwC_4core3fmt8buildersNtB5_11DebugStruct21finish_non_exhaustive 156
.text._RNvMs1_NtNtCs15sMWOqKMwC_4core3fmt8buildersNtB5_11DebugStruct5field 378
.text._RNvMs1_NtNtCs15sMWOqKMwC_4core3fmt8buildersNtB5_11DebugStruct6finish 81
.text._RNvMs2_NtNtCs15sMWOqKMwC_4core3fmt8buildersNtB5_10DebugTuple21finish_non_exhaustive 156
.text._RNvMs2_NtNtCs15sMWOqKMwC_4core3fmt8buildersNtB5_10DebugTuple5field 289
.text._RNvMs2_NtNtCs15sMWOqKMwC_4core3fmt8buildersNtB5_10DebugTuple6finish 112
.text._RNvMs4_NtNtCs15sMWOqKMwC_4core3fmt8buildersNtB5_8DebugSet21finish_non_exhaustive 156
.text._RNvMs4_NtNtCs15sMWOqKMwC_4core3fmt8buildersNtB5_8DebugSet5entry 270
.text._RNvMs4_NtNtCs15sMWOqKMwC_4core3fmt8buildersNtB5_8DebugSet6finish 54
.text._RNvMs5_NtNtCs15sMWOqKMwC_4core3fmt8buildersNtB5_9DebugList21finish_non_exhaustive 165
.text._RNvMs5_NtNtCs15sMWOqKMwC_4core3fmt8buildersNtB5_9DebugList6finish 54
.text._RNvMs6_NtNtCs15sMWOqKMwC_4core3fmt8buildersNtB5_8DebugMap21finish_non_exhaustive 183
.text._RNvMs6_NtNtCs15sMWOqKMwC_4core3fmt8buildersNtB5_8DebugMap3key 331
.text._RNvMs6_NtNtCs15sMWOqKMwC_4core3fmt8buildersNtB5_8DebugMap5entry 238
.text._RNvMs6_NtNtCs15sMWOqKMwC_4core3fmt8buildersNtB5_8DebugMap5value 221
.text._RNvMs6_NtNtCs15sMWOqKMwC_4core3fmt8buildersNtB5_8DebugMap6finish 81
.text._RNvMs_NtNtCs15sMWOqKMwC_4core3fmt8buildersNtB4_10PadAdapter4wrap 75
.text._RNvNtNtCs15sMWOqKMwC_4core3fmt8builders13debug_map_new 66
.text._RNvNtNtCs15sMWOqKMwC_4core3fmt8builders13debug_set_new 60
.text._RNvNtNtCs15sMWOqKMwC_4core3fmt8builders14debug_list_new 60
.text._RNvNtNtCs15sMWOqKMwC_4core3fmt8builders15debug_tuple_new 72
.text._RNvNtNtCs15sMWOqKMwC_4core3fmt8builders16debug_struct_new 59
.text._RNvXs0_NtNtCs15sMWOqKMwC_4core3fmt8buildersNtB5_10PadAdapterNtB7_5Write10write_char 82
.text._RNvXs0_NtNtCs15sMWOqKMwC_4core3fmt8buildersNtB5_10PadAdapterNtB7_5Write9write_str 625
.text._RNvXs4_NtCs15sMWOqKMwC_4core5errorNtB5_7RequestNtNtB7_3fmt5Debug3fmt 69
.text._RNvXs8_NtCs15sMWOqKMwC_4core5errorNtB5_6SourceNtNtNtNtB7_4iter6traits8iterator8Iterator4next 56
.text._RNvYNtNtNtCs15sMWOqKMwC_4core3fmt8builders10PadAdapterNtB6_5Write9write_fmtB8_.llvm.8696903876206012342 67
.text._RNvMNtNtNtNtCs15sMWOqKMwC_4core3num3imp6bignum5testsNtB2_6Big8x310bit_length 143
.text._RNvMNtNtNtNtCs15sMWOqKMwC_4core3num3imp6bignum5testsNtB2_6Big8x310mul_digits 1011
.text._RNvMNtNtNtNtCs15sMWOqKMwC_4core3num3imp6bignum5testsNtB2_6Big8x313div_rem_small 164
.text._RNvMNtNtNtNtCs15sMWOqKMwC_4core3num3imp6bignum5testsNtB2_6Big8x33add 214
.text._RNvMNtNtNtNtCs15sMWOqKMwC_4core3num3imp6bignum5testsNtB2_6Big8x33sub 207
.text._RNvMNtNtNtNtCs15sMWOqKMwC_4core3num3imp6bignum5testsNtB2_6Big8x36digits 46
.text._RNvMNtNtNtNtCs15sMWOqKMwC_4core3num3imp6bignum5testsNtB2_6Big8x37is_zero 91
.text._RNvMNtNtNtNtCs15sMWOqKMwC_4core3num3imp6bignum5testsNtB2_6Big8x38mul_pow2 430
.text._RNvMNtNtNtNtCs15sMWOqKMwC_4core3num3imp6bignum5testsNtB2_6Big8x38mul_pow5 338
.text._RNvMNtNtNtNtCs15sMWOqKMwC_4core3num3imp6bignum5testsNtB2_6Big8x39mul_small 163
.text._RNvMs3_NtNtCs15sMWOqKMwC_4core3ffi5c_strNtB5_4CStr19from_bytes_with_nul 368
.text._RNvMs3_NtNtCs15sMWOqKMwC_4core3ffi5c_strNtB5_4CStr20from_bytes_until_nul 291
.text._RNvMs3_NtNtCs15sMWOqKMwC_4core3ffi5c_strNtB5_4CStr6to_str 44
.text._RNvMsu_NtNtCs15sMWOqKMwC_4core3str7patternNtB5_11StrSearcher3new 1489
.text.unlikely._RNvNtCs15sMWOqKMwC_4core4cell22panic_already_borrowed 56
.text.unlikely._RNvNtCs15sMWOqKMwC_4core4cell30panic_already_mutably_borrowed 56
.text._RNvNtCs15sMWOqKMwC_4core5ascii14escape_default 120
.text._RNvNtNtCs15sMWOqKMwC_4core3str8converts13from_utf8_mut 513
.text._RNvNtNtCs15sMWOqKMwC_4core3str8converts9from_utf8 513
.text._RNvNtNtCs15sMWOqKMwC_4core5slice6memchr14memchr_aligned 175
.text._RNvNtNtCs15sMWOqKMwC_4core5slice6memchr7memrchr 243
.text._RNvXNtNtCs15sMWOqKMwC_4core3ffi5c_strNtB2_21FromBytesWithNulErrorNtNtB6_3fmt7Display3fmt 100
.text._RNvXs0_NtNtCs15sMWOqKMwC_4core3ffi5c_strNtB5_22FromBytesUntilNulErrorNtNtB9_3fmt7Display3fmt 39
.text._RNvXs0_NtNtCs15sMWOqKMwC_4core5ascii10ascii_charNtB5_9AsciiCharNtNtB9_3fmt7Display3fmt 33
.text._RNvXs1_NtCs15sMWOqKMwC_4core5cloneNtNtNtB7_3ffi5c_str4CStrNtB5_13CloneToUninit15clone_to_uninit 35
.text._RNvXs1_NtNtCs15sMWOqKMwC_4core3ffi5c_strNtB5_4CStrNtNtB9_3fmt5Debug3fmt 37
.text._RNvXs1_NtNtCs15sMWOqKMwC_4core5ascii10ascii_charNtB5_9AsciiCharNtNtB9_3fmt5Debug3fmt 283
.text._RNvXs1_NtNtNtNtCs15sMWOqKMwC_4core3num3imp6bignum5testsNtB5_6Big8x3NtNtBd_3cmp10PartialOrd11partial_cmp 142
.text._RNvXs2_NtNtNtNtCs15sMWOqKMwC_4core3num3imp6bignum5testsNtB5_6Big8x3NtNtBd_3cmp3Ord3cmp 142
.text._RNvXs3_NtCs15sMWOqKMwC_4core5asciiNtB5_13EscapeDefaultNtNtB7_3fmt7Display3fmt 50
.text._RNvXs4_NtCs15sMWOqKMwC_4core5asciiNtB5_13EscapeDefaultNtNtB7_3fmt5Debug3fmt 69
.text._RNvXs5_NtNtNtNtCs15sMWOqKMwC_4core3num3imp6bignum5testsNtB5_6Big8x3NtNtBd_3fmt5Debug3fmt 231
.text._RNvXsF_NtNtCs15sMWOqKMwC_4core3num7nonzeroINtB5_7NonZerojENtNtB9_3fmt5Debug3fmtB9_ 174
.text._RNvXsW_NtNtCs15sMWOqKMwC_4core3fmt3nummNtB7_5Debug3fmt 318
.text._RNvXs_NtNtCs15sMWOqKMwC_4core3ptr9alignmentNtB4_9AlignmentNtNtB8_3fmt5Debug3fmt 98
.text._RNvXs_NtNtCs15sMWOqKMwC_4core5panic10panic_infoNtB4_9PanicInfoNtNtB8_3fmt7Display3fmt 222
.text._RNvXsq_NtCs15sMWOqKMwC_4core4cellNtB5_11BorrowErrorNtNtB7_3fmt7Display3fmt 36
.text._RNvXsr_NtCs15sMWOqKMwC_4core4cellNtB5_14BorrowMutErrorNtNtB7_3fmt7Display3fmt 36
.text._RNvMs0_NtNtCs15sMWOqKMwC_4core3fmt3numo10__fmt_inner.llvm.12404373913841811123 2086
.text._RNvMs0_NtNtCs15sMWOqKMwC_4core3fmt3numo11format_into 66
.text._RNvMs0_NtNtCs15sMWOqKMwC_4core3fmt3numo4__fmt 66
.text._RNvMs1_NtNtCs15sMWOqKMwC_4core3fmt3numn11format_into 112
.text._RNvNtNtCs15sMWOqKMwC_4core3fmt3num19slice_buffer_to_str 15
.text._RNvNtNtCs15sMWOqKMwC_4core3fmt3num8exp_u128 14460
.text._RNvNtNtNtCs15sMWOqKMwC_4core7unicode12unicode_data1n11lookup_slow 235
.text._RNvXNtNtCs15sMWOqKMwC_4core3fmt3numoNtB4_7Display3fmt 83
.text._RNvXs0_NtNtCs15sMWOqKMwC_4core5array5drainQINtB5_5DraintKj3_INtNtNtB9_3ops9try_trait7WrappedctNCNvNtNtNtB9_7unicode12unicode_data11conversions6lookups0_0EEINtNtB11_8function5FnMutTjEE8call_mutB9_ 32
.text._RNvXs10_NtNtCs15sMWOqKMwC_4core3fmt3numnNtB8_8LowerExp3fmt 101
.text._RNvXs11_NtNtCs15sMWOqKMwC_4core3fmt3numoNtB8_8LowerExp3fmt 46
.text._RNvXs12_NtNtCs15sMWOqKMwC_4core3fmt3numnNtB8_8UpperExp3fmt 101
.text._RNvXs13_NtNtCs15sMWOqKMwC_4core3fmt3numoNtB8_8UpperExp3fmt 46
.text._RNvXs1_NtNtCs15sMWOqKMwC_4core5array5drainINtB5_5DraintKj3_INtNtNtB9_3ops9try_trait7WrappedctNCNvNtNtNtB9_7unicode12unicode_data11conversions6lookups0_0EENtNtB10_4drop4Drop4dropB9_ 1
.text._RNvXs2_NtNtCs15sMWOqKMwC_4core3fmt3numjNtB7_6Binary3fmt 90
.text._RNvXs3_NtNtCs15sMWOqKMwC_4core3fmt3numiNtB7_6Binary3fmt 90
.text._RNvXs4_NtNtCs15sMWOqKMwC_4core3fmt3numjNtB7_5Octal3fmt 91
.text._RNvXs5_NtNtCs15sMWOqKMwC_4core3fmt3numiNtB7_5Octal3fmt 91
.text._RNvXs6_NtNtCs15sMWOqKMwC_4core3fmt3numjNtB7_8LowerHex3fmt 91
.text._RNvXs6_NtNtCs15sMWOqKMwC_4core4char7convertNtB5_14ParseCharErrorNtNtB9_3fmt7Display3fmt 65
.text._RNvXs7_NtNtCs15sMWOqKMwC_4core3fmt3numiNtB7_8LowerHex3fmt 91
.text._RNvXs8_NtNtCs15sMWOqKMwC_4core3fmt3numjNtB7_8UpperHex3fmt 91
.text._RNvXs9_NtNtCs15sMWOqKMwC_4core3fmt3numiNtB7_8UpperHex3fmt 91
.text._RNvXs9_NtNtCs15sMWOqKMwC_4core4char7convertNtB5_16CharTryFromErrorNtNtB9_3fmt7Display3fmt 36
.text._RNvXsA_NtNtCs15sMWOqKMwC_4core3fmt3numyNtB7_5Octal3fmt 114
.text._RNvXsB_NtNtCs15sMWOqKMwC_4core3fmt3numxNtB7_5Octal3fmt 114
.text._RNvXsC_NtNtCs15sMWOqKMwC_4core3fmt3numyNtB7_8LowerHex3fmt 114
.text._RNvXsD_NtNtCs15sMWOqKMwC_4core3fmt3numxNtB7_8LowerHex3fmt 114
.text._RNvXsE_NtNtCs15sMWOqKMwC_4core3fmt3numyNtB7_8UpperHex3fmt 114
.text._RNvXsF_NtNtCs15sMWOqKMwC_4core3fmt3numxNtB7_8UpperHex3fmt 114
.text._RNvXsG_NtNtCs15sMWOqKMwC_4core3fmt3numoNtB7_6Binary3fmt 155
.text._RNvXsH_NtNtCs15sMWOqKMwC_4core3fmt3numnNtB7_6Binary3fmt 155
.text._RNvXsI_NtNtCs15sMWOqKMwC_4core3fmt3numoNtB7_5Octal3fmt 145
.text._RNvXsJ_NtNtCs15sMWOqKMwC_4core3fmt3numnNtB7_5Octal3fmt 145
.text._RNvXsK_NtNtCs15sMWOqKMwC_4core3fmt3numoNtB7_8LowerHex3fmt 145
.text._RNvXsL_NtNtCs15sMWOqKMwC_4core3fmt3numnNtB7_8LowerHex3fmt 145
.text._RNvXsM_NtNtCs15sMWOqKMwC_4core3fmt3numoNtB7_8UpperHex3fmt 145
.text._RNvXsN_NtNtCs15sMWOqKMwC_4core3fmt3numnNtB7_8UpperHex3fmt 145
.text._RNvXs_NtNtCs15sMWOqKMwC_4core3fmt3numnNtB6_7Display3fmt 125
.text._RNvXsa_NtNtCs15sMWOqKMwC_4core3fmt3numhNtB7_6Binary3fmt 89
.text._RNvXsb_NtNtCs15sMWOqKMwC_4core3fmt3numaNtB7_6Binary3fmt 89
.text._RNvXsc_NtNtCs15sMWOqKMwC_4core3fmt3numhNtB7_5Octal3fmt 90
.text._RNvXsd_NtNtCs15sMWOqKMwC_4core3fmt3numaNtB7_5Octal3fmt 90
.text._RNvXse_NtNtCs15sMWOqKMwC_4core3fmt3numhNtB7_8LowerHex3fmt 90
.text._RNvXsf_NtNtCs15sMWOqKMwC_4core3fmt3numaNtB7_8LowerHex3fmt 90
.text._RNvXsg_NtNtCs15sMWOqKMwC_4core3fmt3numhNtB7_8UpperHex3fmt 90
.text._RNvXsh_NtNtCs15sMWOqKMwC_4core3fmt3numaNtB7_8UpperHex3fmt 90
.text._RNvXsi_NtNtCs15sMWOqKMwC_4core3fmt3numtNtB7_6Binary3fmt 93
.text._RNvXsj_NtNtCs15sMWOqKMwC_4core3fmt3numsNtB7_6Binary3fmt 93
.text._RNvXsk_NtNtCs15sMWOqKMwC_4core3fmt3numtNtB7_5Octal3fmt 94
.text._RNvXsl_NtNtCs15sMWOqKMwC_4core3fmt3numsNtB7_5Octal3fmt 94
.text._RNvXsm_NtNtCs15sMWOqKMwC_4core3fmt3numtNtB7_8LowerHex3fmt 94
.text._RNvXsn_NtNtCs15sMWOqKMwC_4core3fmt3numsNtB7_8LowerHex3fmt 94
.text._RNvXso_NtNtCs15sMWOqKMwC_4core3fmt3numtNtB7_8UpperHex3fmt 94
.text._RNvXsp_NtNtCs15sMWOqKMwC_4core3fmt3numsNtB7_8UpperHex3fmt 94
.text._RNvXsy_NtNtCs15sMWOqKMwC_4core3fmt3numyNtB7_6Binary3fmt 113
.text._RNvXsz_NtNtCs15sMWOqKMwC_4core3fmt3numxNtB7_6Binary3fmt 113
.text._RINvNtCs15sMWOqKMwC_4core3ptr12align_offsethEB4_ 19
.text._RNvMs1_NtNtCs15sMWOqKMwC_4core3net6parserNtNtB7_7ip_addr8Ipv4Addr11parse_ascii 107
.text._RNvMs3_NtNtCs15sMWOqKMwC_4core3net6parserNtNtB7_7ip_addr8Ipv6Addr11parse_ascii 118
.text._RNvMs_NtNtCs15sMWOqKMwC_4core3net6parserNtNtB6_7ip_addr6IpAddr11parse_ascii 195
.text.unlikely._RNvNtNtCs15sMWOqKMwC_4core9panicking11panic_const23panic_const_div_by_zero 31
.text.unlikely._RNvNtNtCs15sMWOqKMwC_4core9panicking11panic_const23panic_const_gen_fn_none 31
.text.unlikely._RNvNtNtCs15sMWOqKMwC_4core9panicking11panic_const23panic_const_rem_by_zero 31
.text.unlikely._RNvNtNtCs15sMWOqKMwC_4core9panicking11panic_const24panic_const_add_overflow 31
.text.unlikely._RNvNtNtCs15sMWOqKMwC_4core9panicking11panic_const24panic_const_div_overflow 31
.text.unlikely._RNvNtNtCs15sMWOqKMwC_4core9panicking11panic_const24panic_const_mul_overflow 31
.text.unlikely._RNvNtNtCs15sMWOqKMwC_4core9panicking11panic_const24panic_const_neg_overflow 31
.text.unlikely._RNvNtNtCs15sMWOqKMwC_4core9panicking11panic_const24panic_const_rem_overflow 31
.text.unlikely._RNvNtNtCs15sMWOqKMwC_4core9panicking11panic_const24panic_const_shl_overflow 31
.text.unlikely._RNvNtNtCs15sMWOqKMwC_4core9panicking11panic_const24panic_const_shr_overflow 31
.text.unlikely._RNvNtNtCs15sMWOqKMwC_4core9panicking11panic_const24panic_const_sub_overflow 31
.text.unlikely._RNvNtNtCs15sMWOqKMwC_4core9panicking11panic_const28panic_const_async_fn_resumed 31
.text.unlikely._RNvNtNtCs15sMWOqKMwC_4core9panicking11panic_const28panic_const_gen_fn_none_drop 31
.text.unlikely._RNvNtNtCs15sMWOqKMwC_4core9panicking11panic_const29panic_const_coroutine_resumed 31
.text.unlikely._RNvNtNtCs15sMWOqKMwC_4core9panicking11panic_const29panic_const_gen_fn_none_panic 31
.text.unlikely._RNvNtNtCs15sMWOqKMwC_4core9panicking11panic_const32panic_const_async_gen_fn_resumed 31
.text.unlikely._RNvNtNtCs15sMWOqKMwC_4core9panicking11panic_const33panic_const_async_fn_resumed_drop 31
.text.unlikely._RNvNtNtCs15sMWOqKMwC_4core9panicking11panic_const34panic_const_async_fn_resumed_panic 31
.text.unlikely._RNvNtNtCs15sMWOqKMwC_4core9panicking11panic_const34panic_const_coroutine_resumed_drop 31
.text.unlikely._RNvNtNtCs15sMWOqKMwC_4core9panicking11panic_const35panic_const_coroutine_resumed_panic 31
.text.unlikely._RNvNtNtCs15sMWOqKMwC_4core9panicking11panic_const37panic_const_async_gen_fn_resumed_drop 31
.text.unlikely._RNvNtNtCs15sMWOqKMwC_4core9panicking11panic_const38panic_const_async_gen_fn_resumed_panic 31
.text.unlikely._RNvNtNtNtNtCs15sMWOqKMwC_4core5slice4sort6shared9smallsort22panic_on_ord_violation 37
.text._RNvNtNtNtNtCs15sMWOqKMwC_4core5slice4sort6stable5drift11sqrt_approx 35
.text._RNvXs0_NtCs15sMWOqKMwC_4core3anyDNtB5_3AnyNtNtB7_6marker4SendEL_NtNtB7_3fmt5Debug3fmt 69
.text._RNvXs0_NtNtCs15sMWOqKMwC_4core3net6parserNtNtB7_7ip_addr6IpAddrNtNtNtB9_3str6traits7FromStr8from_str 195
.text._RNvXs0_NtNtCs15sMWOqKMwC_4core5slice5asciiNtB5_11EscapeAsciiNtNtNtNtB9_4iter6traits12double_ended19DoubleEndedIterator9next_back 223
.text._RNvXs15_NtNtCs15sMWOqKMwC_4core3net7ip_addrNtB6_8Ipv4AddrINtNtNtBa_3ops3bit12BitAndAssignRBF_E13bitand_assign 32
.text._RNvXs1_NtNtCs15sMWOqKMwC_4core3str5errorNtB5_14ParseBoolErrorNtNtB9_3fmt7Display3fmt 36
.text._RNvXs1b_NtNtCs15sMWOqKMwC_4core3net7ip_addrNtB6_8Ipv4AddrINtNtNtBa_3ops3bit11BitOrAssignRBF_E12bitor_assign 32
.text._RNvXs1h_NtNtCs15sMWOqKMwC_4core3net7ip_addrNtB6_8Ipv6AddrINtNtNtBa_3ops3bit12BitAndAssignRBF_E13bitand_assign 119
.text._RNvXs1i_NtCs15sMWOqKMwC_4core3fmtRNtNtNtB8_3net7ip_addr8Ipv4AddrNtB6_7Display3fmtB8_ 33
.text._RNvXs1i_NtCs15sMWOqKMwC_4core3fmtRNtNtNtB8_3net7ip_addr8Ipv6AddrNtB6_7Display3fmtB8_ 33
.text._RNvXs1n_NtNtCs15sMWOqKMwC_4core3net7ip_addrNtB6_8Ipv6AddrINtNtNtBa_3ops3bit11BitOrAssignRBF_E12bitor_assign 119
.text._RNvXs2_NtNtCs15sMWOqKMwC_4core3net6parserNtNtB7_7ip_addr8Ipv4AddrNtNtNtB9_3str6traits7FromStr8from_str 107
.text._RNvXs2_NtNtCs15sMWOqKMwC_4core3net7ip_addrNtB5_6IpAddrNtNtB9_3fmt7Display3fmt 50
.text._RNvXs2_NtNtCs15sMWOqKMwC_4core5slice5asciiNtB5_11EscapeAsciiNtNtB9_3fmt7Display3fmt 564
.text._RNvXs3_NtNtCs15sMWOqKMwC_4core3net7ip_addrNtB5_6IpAddrNtNtB9_3fmt5Debug3fmt 50
.text._RNvXs3_NtNtCs15sMWOqKMwC_4core5slice5asciiNtB5_11EscapeAsciiNtNtB9_3fmt5Debug3fmt 69
.text._RNvXs4_NtNtCs15sMWOqKMwC_4core3net6parserNtNtB7_7ip_addr8Ipv6AddrNtNtNtB9_3str6traits7FromStr8from_str 118
.text._RNvXs6_NtNtCs15sMWOqKMwC_4core3net7ip_addrNtB5_8Ipv4AddrNtNtB9_3fmt7Display3fmt 293
.text._RNvXs7_NtNtCs15sMWOqKMwC_4core3net7ip_addrNtB5_8Ipv4AddrNtNtB9_3fmt5Debug3fmt 31
.text._RNvXs_NtNtCs15sMWOqKMwC_4core3net14display_bufferINtB4_13DisplayBufferKj15_ENtNtB8_3fmt5Write9write_strB8_ 82
.text._RNvXs_NtNtCs15sMWOqKMwC_4core3net14display_bufferINtB4_13DisplayBufferKj27_ENtNtB8_3fmt5Write9write_strB8_ 82
.text._RNvXs_NtNtCs15sMWOqKMwC_4core3net14display_bufferINtB4_13DisplayBufferKj3a_ENtNtB8_3fmt5Write9write_strB8_ 82
.text._RNvXs_NtNtCs15sMWOqKMwC_4core3net14display_bufferINtB4_13DisplayBufferKjf_ENtNtB8_3fmt5Write9write_strB8_ 82
.text._RNvXs_NtNtCs15sMWOqKMwC_4core3str5errorNtB4_9Utf8ErrorNtNtB8_3fmt7Display3fmt 126
.text._RNvXsa_NtCs15sMWOqKMwC_4core3anyNtB5_6TypeIdNtNtB7_3fmt5Debug3fmt 104
.text._RNvXsj_NtNtCs15sMWOqKMwC_4core3net7ip_addrNtB5_8Ipv6AddrNtNtB9_3fmt7Display3fmt 1955
.text._RNvXsk_NtNtCs15sMWOqKMwC_4core3net7ip_addrNtB5_8Ipv6AddrNtNtB9_3fmt5Debug3fmt 31
.text._RNvYINtNtNtCs15sMWOqKMwC_4core3net14display_buffer13DisplayBufferKj15_ENtNtB9_3fmt5Write10write_charB9_ 226
.text._RNvYINtNtNtCs15sMWOqKMwC_4core3net14display_buffer13DisplayBufferKj15_ENtNtB9_3fmt5Write9write_fmtB9_ 102
.text._RNvYINtNtNtCs15sMWOqKMwC_4core3net14display_buffer13DisplayBufferKj27_ENtNtB9_3fmt5Write10write_charB9_ 226
.text._RNvYINtNtNtCs15sMWOqKMwC_4core3net14display_buffer13DisplayBufferKj27_ENtNtB9_3fmt5Write9write_fmtB9_ 102
.text._RNvYINtNtNtCs15sMWOqKMwC_4core3net14display_buffer13DisplayBufferKj3a_ENtNtB9_3fmt5Write10write_charB9_ 226
.text._RNvYINtNtNtCs15sMWOqKMwC_4core3net14display_buffer13DisplayBufferKj3a_ENtNtB9_3fmt5Write9write_fmtB9_ 102
.text._RNvYINtNtNtCs15sMWOqKMwC_4core3net14display_buffer13DisplayBufferKjf_ENtNtB9_3fmt5Write10write_charB9_ 226
.text._RNvYINtNtNtCs15sMWOqKMwC_4core3net14display_buffer13DisplayBufferKjf_ENtNtB9_3fmt5Write9write_fmtB9_ 102
.text._RINvMNtCs15sMWOqKMwC_4core5sliceSh8align_toTjjEEB5_ 99
.text._RINvMNtCs15sMWOqKMwC_4core5sliceSh8align_tojEB5_ 99
.text._RINvMsm_NtCs15sMWOqKMwC_4core5arrayAtj3_7try_mapINtNtNtB8_3ops9try_trait17NeverShortCircuitcEINtBN_7WrappedctNCNvNtNtNtB8_7unicode12unicode_data11conversions6lookups0_0EEB8_ 50
.text._RINvNtCs15sMWOqKMwC_4core5slice20copy_from_slice_implINtNtNtB4_3mem12maybe_uninit11MaybeUninithEEB4_ 55
.text._RINvNtCs15sMWOqKMwC_4core5slice20copy_from_slice_impltEB4_ 57
.text._RINvNtNtNtNtCs15sMWOqKMwC_4core3num3imp7dec2flt4slow19parse_long_mantissaC3f16EBa_ 1102
.text._RINvNtNtNtNtCs15sMWOqKMwC_4core3num3imp7dec2flt4slow19parse_long_mantissadEBa_ 1037
.text._RINvNtNtNtNtCs15sMWOqKMwC_4core3num3imp7dec2flt4slow19parse_long_mantissafEBa_ 1108
.text._RNvMNtCs15sMWOqKMwC_4core5sliceSh14subslice_rangeB4_ 58
.text._RNvMNtCs15sMWOqKMwC_4core5sliceSh9ends_withB4_ 54
.text._RNvNvMNtCs15sMWOqKMwC_4core5sliceSp16align_to_offsets3gcd 31
.text.unlikely._RNvNvNtCs15sMWOqKMwC_4core5slice20copy_from_slice_impl17len_mismatch_fail 81
.text._RNvXs20_NtNtCs15sMWOqKMwC_4core3str4iterNtB6_11EscapeDebugNtNtBa_3fmt7Display3fmt 687
.text._RNvXs23_NtNtCs15sMWOqKMwC_4core3str4iterNtB6_13EscapeDefaultNtNtBa_3fmt7Display3fmt 418
.text._RNvXs26_NtNtCs15sMWOqKMwC_4core3str4iterNtB6_13EscapeUnicodeNtNtBa_3fmt7Display3fmt 418
.text._RNvXs2_NtCs15sMWOqKMwC_4core4bstrNtB5_7ByteStrNtNtB7_3fmt5Debug3fmt 1145
.text._RNvXs3_NtCs15sMWOqKMwC_4core4bstrNtB5_7ByteStrNtNtB7_3fmt7Display3fmt 1340
.text._RNvXs9_NtCs15sMWOqKMwC_4core5sliceNtB5_19GetDisjointMutErrorNtNtB7_3fmt7Display3fmt 61
.text._RNvXsN_NtNtCs15sMWOqKMwC_4core3str4iterNtB5_11EncodeUtf16NtNtB9_3fmt5Debug3fmt 69
.text._RNvXs_NtNtCs15sMWOqKMwC_4core3str4iterNtB4_5CharsNtNtB8_3fmt5Debug3fmt 349
.text._RNvXsc_NtCs15sMWOqKMwC_4core4charNtB5_11EscapeDebugNtNtB7_3fmt7Display3fmt 73
.text._RINvNtNtNtCs15sMWOqKMwC_4core4iter8adapters3zip3zipQShRBO_EB8_ 64
.text._RINvNtNtNtCs15sMWOqKMwC_4core4iter8adapters3zip3zipQSmRBO_EB8_ 64
.text._RINvNtNtNtCs15sMWOqKMwC_4core4iter8adapters3zip3zipRSReRSRDNtNtB8_3fmt5DebugEL_EB8_ 64
.text._RINvYINtNtNtNtCs15sMWOqKMwC_4core4iter8adapters3rev3RevINtNtB8_6cloned6ClonedINtNtNtBc_5slice4iter4IterhEEENtNtNtBa_6traits8iterator8Iterator6cmp_byB3_NCINvYB3_B1H_3cmpB3_E0EBc_ 75
.text._RINvYINtNtNtNtCs15sMWOqKMwC_4core4iter8adapters3rev3RevINtNtB8_6cloned6ClonedINtNtNtBc_5slice4iter4ItermEEENtNtNtBa_6traits8iterator8Iterator6cmp_byB3_NCINvYB3_B1H_3cmpB3_E0EBc_ 75
.text.unlikely._RNvNtCs15sMWOqKMwC_4core4wtf816slice_error_fail 269
.text.unlikely._RNvNtNtNtCs15sMWOqKMwC_4core3num3imp8int_sqrt27panic_for_negative_argument 31
.text._RNvNtNtNtCs15sMWOqKMwC_4core7unicode12unicode_data15grapheme_extend11lookup_slow 235
.text._RNvNvXs1_NtCs15sMWOqKMwC_4core4wtf8NtB7_4Wtf8NtNtB9_3fmt5Debug3fmt17write_str_escaped 782
.text._RNvXNtNtCs15sMWOqKMwC_4core3ops5rangeNtB2_9RangeFullNtNtB6_3fmt5Debug3fmt 39
.text._RNvXNvXsd_NtCs15sMWOqKMwC_4core4wtf8NtB8_10EncodeWideNtNtBa_3fmt5Debug3fmtNtB2_8CodeUnitBP_3fmt 117
.text._RNvXs12_NtNtCs15sMWOqKMwC_4core3num11niche_typesNtB6_14NonZeroI8InnerNtNtBa_3fmt5Debug3fmt 271
.text._RNvXs1G_NtNtCs15sMWOqKMwC_4core3num11niche_typesNtB6_14UsizeNoHighBitNtNtBa_3fmt5Debug3fmt 174
.text._RNvXs1O_NtNtCs15sMWOqKMwC_4core3num11niche_typesNtB6_17NonZeroUsizeInnerNtNtBa_3fmt5Debug3fmt 174
.text._RNvXs1W_NtNtCs15sMWOqKMwC_4core3num11niche_typesNtB6_17NonZeroIsizeInnerNtNtBa_3fmt5Debug3fmt 174
.text._RNvXs1_NtCs15sMWOqKMwC_4core4wtf8NtB5_4Wtf8NtNtB7_3fmt5Debug3fmt 516
.text._RNvXs1_NtNtCs15sMWOqKMwC_4core4char6decodeNtB5_16DecodeUtf16ErrorNtNtB9_3fmt7Display3fmt 62
.text._RNvXs1_NtNtCs15sMWOqKMwC_4core5panic8locationNtB5_8LocationNtNtB9_3cmp10PartialOrd11partial_cmp 116
.text._RNvXs1_NtNtCs15sMWOqKMwC_4core6marker8varianceNtB5_24PhantomCovariantLifetimeNtNtB9_3fmt5Debug3fmt 39
.text._RNvXs1a_NtNtCs15sMWOqKMwC_4core3num11niche_typesNtB6_15NonZeroI16InnerNtNtBa_3fmt5Debug3fmt 193
.text._RNvXs1g_NtCs15sMWOqKMwC_4core3fmtRNtNtB8_4wtf84Wtf8NtB6_5Debug3fmtB8_ 36
.text._RNvXs1i_NtNtCs15sMWOqKMwC_4core3num11niche_typesNtB6_15NonZeroI32InnerNtNtBa_3fmt5Debug3fmt 174
.text._RNvXs1q_NtNtCs15sMWOqKMwC_4core3num11niche_typesNtB6_15NonZeroI64InnerNtNtBa_3fmt5Debug3fmt 197
.text._RNvXs1y_NtNtCs15sMWOqKMwC_4core3num11niche_typesNtB6_16NonZeroI128InnerNtNtBa_3fmt5Debug3fmt 306
.text._RNvXs24_NtNtCs15sMWOqKMwC_4core3num11niche_typesNtB6_13U32NotAllOnesNtNtBa_3fmt5Debug3fmt 174
.text._RNvXs2A_NtNtCs15sMWOqKMwC_4core3num11niche_typesNtB6_16NonZeroCharInnerNtNtBa_3fmt5Debug3fmt 149
.text._RNvXs2_NtCs15sMWOqKMwC_4core4wtf8NtB5_4Wtf8NtNtB7_3fmt7Display3fmt 392
.text._RNvXs2c_NtNtCs15sMWOqKMwC_4core3num11niche_typesNtB6_13I32NotAllOnesNtNtBa_3fmt5Debug3fmt 174
.text._RNvXs2k_NtNtCs15sMWOqKMwC_4core3num11niche_typesNtB6_13U64NotAllOnesNtNtBa_3fmt5Debug3fmt 197
.text._RNvXs2s_NtNtCs15sMWOqKMwC_4core3num11niche_typesNtB6_13I64NotAllOnesNtNtBa_3fmt5Debug3fmt 197
.text._RNvXs3A_NtNtCs15sMWOqKMwC_4core3num11niche_typesNtB6_14CodePointInnerNtNtBa_3fmt5Debug3fmt 174
.text._RNvXs3_NtNtCs15sMWOqKMwC_4core5panic8locationNtB5_8LocationNtNtB9_3fmt5Debug3fmt 233
.text._RNvXs5_NtNtCs15sMWOqKMwC_4core6marker8varianceNtB5_28PhantomContravariantLifetimeNtNtB9_3fmt5Debug3fmt 39
.text._RNvXs9_NtNtCs15sMWOqKMwC_4core6marker8varianceNtB5_24PhantomInvariantLifetimeNtNtB9_3fmt5Debug3fmt 39
.text._RNvXsE_NtNtCs15sMWOqKMwC_4core3num11niche_typesNtB5_15NonZeroU32InnerNtNtB9_3fmt5Debug3fmt 174
.text._RNvXsM_NtNtCs15sMWOqKMwC_4core3num11niche_typesNtB5_15NonZeroU64InnerNtNtB9_3fmt5Debug3fmt 197
.text._RNvXsU_NtNtCs15sMWOqKMwC_4core3num11niche_typesNtB5_16NonZeroU128InnerNtNtB9_3fmt5Debug3fmt 276
.text._RNvXs_NtCs15sMWOqKMwC_4core5allocNtB4_10AllocErrorNtNtB6_3fmt7Display3fmt 39
.text._RNvXs_NtNtCs15sMWOqKMwC_4core3ops5rangeINtB4_5RangejENtNtB8_3fmt5Debug3fmtB8_ 354
.text._RNvXs_NtNtNtCs15sMWOqKMwC_4core4iter8adapters6clonedINtB4_6ClonedINtNtNtBa_5slice4iter4IterhEENtNtNtB8_6traits8iterator8Iterator4nextBa_ 31
.text._RNvXsa_NtCs15sMWOqKMwC_4core4wtf8NtB5_14Wtf8CodePointsNtNtB7_3fmt5Debug3fmt 205
.text._RNvXsd_NtCs15sMWOqKMwC_4core4wtf8NtB5_10EncodeWideNtNtB7_3fmt5Debug3fmt 373
.text._RNvXsd_NtNtCs15sMWOqKMwC_4core3num11niche_typesNtB5_11NanosecondsNtNtB9_3fmt5Debug3fmt 174
.text._RNvXso_NtNtCs15sMWOqKMwC_4core3num11niche_typesNtB5_14NonZeroU8InnerNtNtB9_3fmt5Debug3fmt 254
.text._RNvXsw_NtNtCs15sMWOqKMwC_4core3num11niche_typesNtB5_15NonZeroU16InnerNtNtB9_3fmt5Debug3fmt 366
.text._RNCNvNvXsa_NtCs15sMWOqKMwC_4core4timeNtB9_8DurationNtNtBb_3fmt5Debug3fmt11fmt_decimals_0Bb_ 379
.text.unlikely._RNvNtCs15sMWOqKMwC_4core6option13expect_failed 69
.text.unlikely._RNvNtCs15sMWOqKMwC_4core6option13unwrap_failed 31
.text._RNvNtNtCs15sMWOqKMwC_4core3str5count14do_count_chars 777
.text._RNvNtNtCs15sMWOqKMwC_4core3str5count23char_count_general_case 156
.text._RNvNtNtCs15sMWOqKMwC_4core7unicode9printable12is_printable 625
.text._RNvNtNtCs15sMWOqKMwC_4core7unicode9printable5check.llvm.11147084266291287917 227
.text._RNvNtNtNtCs15sMWOqKMwC_4core7unicode12unicode_data9uppercase6lookup 234
.text._RNvNvXsa_NtCs15sMWOqKMwC_4core4timeNtB7_8DurationNtNtB9_3fmt5Debug3fmt11fmt_decimal 1157
.text._RNvXs0_NtNtCs15sMWOqKMwC_4core3str5lossyNtB5_5DebugNtNtB9_3fmt5Debug3fmt 1564
.text._RNvXs1g_NtCs15sMWOqKMwC_4core3fmtRINtNtB8_6option6OptionjENtB6_5Debug3fmtB8_ 228
.text._RNvXs2_NtNtCs15sMWOqKMwC_4core3str5lossyNtB5_10Utf8ChunksNtNtNtNtB9_4iter6traits8iterator8Iterator4next 477
.text._RNvXs4_NtNtCs15sMWOqKMwC_4core3str5lossyNtB5_10Utf8ChunksNtNtB9_3fmt5Debug3fmt 179
.text._RNvXsa_NtCs15sMWOqKMwC_4core4timeNtB5_8DurationNtNtB7_3fmt5Debug3fmt 233
.text._RNvXsb_NtCs15sMWOqKMwC_4core4timeNtB5_21TryFromFloatSecsErrorNtNtB7_3fmt7Display3fmt 65
.text._RNvYINtNtNtCs15sMWOqKMwC_4core5slice4iter4IterRDNtNtB9_3fmt5DebugEL_ENtNtNtNtB9_4iter8adapters3zip27TrustedRandomAccessNoCoerce4sizeB9_ 13
.text._RNvYINtNtNtCs15sMWOqKMwC_4core5slice4iter4IterhENtNtNtNtB9_4iter8adapters3zip27TrustedRandomAccessNoCoerce4sizeB9_ 10
.text._RNvYINtNtNtCs15sMWOqKMwC_4core5slice4iter4ItermENtNtNtNtB9_4iter8adapters3zip27TrustedRandomAccessNoCoerce4sizeB9_ 13
.text._RINvMNtNtCs15sMWOqKMwC_4core3net6parserNtB3_6Parser10parse_withNtNtB5_11socket_addr10SocketAddrNCNvMs9_B3_BZ_11parse_ascii0EB7_ 404
.text._RINvMNtNtCs15sMWOqKMwC_4core3net6parserNtB3_6Parser10parse_withNtNtB5_11socket_addr12SocketAddrV4NCNvMs5_B3_BZ_11parse_ascii0EB7_ 214
.text._RINvMNtNtCs15sMWOqKMwC_4core3net6parserNtB3_6Parser10parse_withNtNtB5_11socket_addr12SocketAddrV6NCNvMs7_B3_BZ_11parse_ascii0EB7_ 130
.text._RINvMNtNtCs15sMWOqKMwC_4core3net6parserNtB3_6Parser10parse_withNtNtB5_7ip_addr6IpAddrNCNvMs_B3_BZ_11parse_ascii0EB7_ 182
.text._RINvMNtNtCs15sMWOqKMwC_4core3net6parserNtB3_6Parser10parse_withNtNtB5_7ip_addr8Ipv4AddrNCNvMs1_B3_BZ_11parse_ascii0EB7_ 91
.text._RINvMNtNtCs15sMWOqKMwC_4core3net6parserNtB3_6Parser10parse_withNtNtB5_7ip_addr8Ipv6AddrNCNvMs3_B3_BZ_11parse_ascii0EB7_ 116
.text._RINvMNtNtNtNtCs15sMWOqKMwC_4core3num3imp7dec2flt7decimalNtB3_7Decimal13try_fast_pathC3f16EBb_ 528
.text._RINvMNtNtNtNtCs15sMWOqKMwC_4core3num3imp7dec2flt7decimalNtB3_7Decimal13try_fast_pathdEBb_ 433
.text._RINvMNtNtNtNtCs15sMWOqKMwC_4core3num3imp7dec2flt7decimalNtB3_7Decimal13try_fast_pathfEBb_ 433
.text._RNCINvMNtNtCs15sMWOqKMwC_4core3net6parserNtB5_6Parser11read_numbertE0B9_.llvm.5319145207364111746 605
.text._RNvMNtNtCs15sMWOqKMwC_4core3net6parserNtB2_6Parser14read_ipv4_addr.llvm.5319145207364111746 1523
.text._RNvMNtNtCs15sMWOqKMwC_4core3net6parserNtB2_6Parser14read_ipv6_addr.llvm.5319145207364111746 449
.text._RNvMNtNtCs15sMWOqKMwC_4core3net6parserNtB2_6Parser19read_socket_addr_v6.llvm.5319145207364111746 499
.text._RNvNtNtNtCs15sMWOqKMwC_4core7unicode12unicode_data9lowercase6lookup 234
.text._RNvNvMNtNtCs15sMWOqKMwC_4core3net6parserNtB4_6Parser14read_ipv6_addr11read_groups 493
.text._RNvXs1_NtNtNtCs15sMWOqKMwC_4core3ops8function5implsQNCINvNvNtNtNtNtBb_4iter6traits8iterator8Iterator12try_for_each4callcINtNtBb_6result6ResultuNtNtBb_3fmt5ErrorENCNvXs20_NtNtBb_3str4iterNtB2I_11EscapeDebugNtB2j_7Display3fmt0E0INtB7_5FnMutTucEE8call_mutBb_ 38
.text._RNvXs1_NtNtNtCs15sMWOqKMwC_4core3ops8function5implsQQNCINvNvNtNtNtNtBb_4iter6traits8iterator8Iterator12try_for_each4callcINtNtBb_6result6ResultuNtNtBb_3fmt5ErrorENCNvXs20_NtNtBb_3str4iterNtB2J_11EscapeDebugNtB2k_7Display3fmt0E0INtB7_5FnMutTucEE8call_mutBb_ 40
.text._RNvXs2_NtCs15sMWOqKMwC_4core4charNtB5_13EscapeUnicodeNtNtB7_3fmt7Display3fmt 50
.text._RNvXsE_NtCs15sMWOqKMwC_4core4charNtB5_11ToUppercaseNtNtNtNtB7_4iter6traits8iterator8Iterator10advance_by 34
.text._RNvXsE_NtCs15sMWOqKMwC_4core4charNtB5_11ToUppercaseNtNtNtNtB7_4iter6traits8iterator8Iterator24___iterator_get_unchecked 18
.text._RNvXsE_NtCs15sMWOqKMwC_4core4charNtB5_11ToUppercaseNtNtNtNtB7_4iter6traits8iterator8Iterator4last 64
.text._RNvXsE_NtCs15sMWOqKMwC_4core4charNtB5_11ToUppercaseNtNtNtNtB7_4iter6traits8iterator8Iterator4next 26
.text._RNvXsE_NtCs15sMWOqKMwC_4core4charNtB5_11ToUppercaseNtNtNtNtB7_4iter6traits8iterator8Iterator5count 10
.text._RNvXsF_NtCs15sMWOqKMwC_4core4charNtB5_11ToUppercaseNtNtNtNtB7_4iter6traits12double_ended19DoubleEndedIterator15advance_back_by 37
.text._RNvXsF_NtCs15sMWOqKMwC_4core4charNtB5_11ToUppercaseNtNtNtNtB7_4iter6traits12double_ended19DoubleEndedIterator9next_back 27
.text._RNvXsb_NtNtCs15sMWOqKMwC_4core3net6parserNtB5_14AddrParseErrorNtNtB9_3fmt7Display3fmt 48
.text._RNvXse_NtCs15sMWOqKMwC_4core4charNtB5_15CaseMappingIterNtNtNtNtB7_4iter6traits8iterator8Iterator10advance_by 34
.text._RNvXse_NtCs15sMWOqKMwC_4core4charNtB5_15CaseMappingIterNtNtNtNtB7_4iter6traits8iterator8Iterator24___iterator_get_unchecked 18
.text._RNvXse_NtCs15sMWOqKMwC_4core4charNtB5_15CaseMappingIterNtNtNtNtB7_4iter6traits8iterator8Iterator4last 64
.text._RNvXse_NtCs15sMWOqKMwC_4core4charNtB5_15CaseMappingIterNtNtNtNtB7_4iter6traits8iterator8Iterator4next 26
.text._RNvXse_NtCs15sMWOqKMwC_4core4charNtB5_15CaseMappingIterNtNtNtNtB7_4iter6traits8iterator8Iterator5count 10
.text._RNvXsf_NtCs15sMWOqKMwC_4core4charNtB5_15CaseMappingIterNtNtNtNtB7_4iter6traits12double_ended19DoubleEndedIterator15advance_back_by 37
.text._RNvXsf_NtCs15sMWOqKMwC_4core4charNtB5_15CaseMappingIterNtNtNtNtB7_4iter6traits12double_ended19DoubleEndedIterator9next_back 27
.text._RNvXsm_NtCs15sMWOqKMwC_4core4charNtB5_16TryFromCharErrorNtNtB7_3fmt7Display3fmt 36
.text._RNvMs0_NtNtNtCs15sMWOqKMwC_4core3fmt3num3imph4__fmt 120
.text._RNvMs1_NtNtNtCs15sMWOqKMwC_4core3fmt3num3impa11format_into 186
.text._RNvMs2_NtNtNtCs15sMWOqKMwC_4core3fmt3num3imph11format_into 120
.text._RNvMs5_NtNtNtCs15sMWOqKMwC_4core3fmt3num3impt4__fmt 221
.text._RNvMs6_NtNtNtCs15sMWOqKMwC_4core3fmt3num3imps11format_into 394
.text._RNvMs7_NtNtNtCs15sMWOqKMwC_4core3fmt3num3impt11format_into 213
.text._RNvMsa_NtNtNtCs15sMWOqKMwC_4core3fmt3num3impm4__fmt 228
.text._RNvMsb_NtNtNtCs15sMWOqKMwC_4core3fmt3num3impl11format_into 483
.text._RNvMsc_NtNtNtCs15sMWOqKMwC_4core3fmt3num3impm11format_into 233
.text._RNvMsk_NtNtNtCs15sMWOqKMwC_4core3fmt3num3impy4__fmt 356
.text._RNvMsl_NtNtNtCs15sMWOqKMwC_4core3fmt3num3impx11format_into 666
.text._RNvMsm_NtNtNtCs15sMWOqKMwC_4core3fmt3num3impy11format_into 324
.text.unlikely._RNvNtCs15sMWOqKMwC_4core3num22from_ascii_radix_panic 61
.text._RNvNtNtNtCs15sMWOqKMwC_4core3fmt3num3imp7exp_u32 995
.text._RNvNtNtNtCs15sMWOqKMwC_4core3fmt3num3imp7exp_u64 1610
.text._RNvNtNtNtCs15sMWOqKMwC_4core7unicode12unicode_data5cased11lookup_slow 219
.text._RNvXNtNtNtCs15sMWOqKMwC_4core3fmt3num3imphNtB6_7Display3fmt 137
.text._RNvXs3_NtNtNtCs15sMWOqKMwC_4core3fmt3num3imptNtB9_7Display3fmt 242
.text._RNvXs4_NtNtNtCs15sMWOqKMwC_4core3fmt3num3impsNtB9_7Display3fmt 253
.text._RNvXs8_NtNtNtCs15sMWOqKMwC_4core3fmt3num3impmNtB9_7Display3fmt 234
.text._RNvXs9_NtNtNtCs15sMWOqKMwC_4core3fmt3num3implNtB9_7Display3fmt 264
.text._RNvXsA_NtNtNtCs15sMWOqKMwC_4core3fmt3num3impjNtB9_8LowerExp3fmt 37
.text._RNvXsB_NtNtNtCs15sMWOqKMwC_4core3fmt3num3impiNtB9_8UpperExp3fmt 54
.text._RNvXsC_NtNtNtCs15sMWOqKMwC_4core3fmt3num3impjNtB9_8UpperExp3fmt 37
.text._RNvXsD_NtNtNtCs15sMWOqKMwC_4core3fmt3num3impxNtB9_8LowerExp3fmt 68
.text._RNvXsE_NtNtNtCs15sMWOqKMwC_4core3fmt3num3impyNtB9_8LowerExp3fmt 40
.text._RNvXsF_NtNtNtCs15sMWOqKMwC_4core3fmt3num3impxNtB9_8UpperExp3fmt 68
.text._RNvXsG_NtNtNtCs15sMWOqKMwC_4core3fmt3num3impyNtB9_8UpperExp3fmt 40
.text._RNvXs_NtNtNtCs15sMWOqKMwC_4core3fmt3num3impaNtB8_7Display3fmt 148
.text._RNvXsi_NtNtNtCs15sMWOqKMwC_4core3fmt3num3impyNtB9_7Display3fmt 344
.text._RNvXsj_NtNtNtCs15sMWOqKMwC_4core3fmt3num3impxNtB9_7Display3fmt 337
.text._RNvXsn_NtNtNtCs15sMWOqKMwC_4core3fmt3num3impaNtB9_8LowerExp3fmt 61
.text._RNvXso_NtNtNtCs15sMWOqKMwC_4core3fmt3num3imphNtB9_8LowerExp3fmt 38
.text._RNvXsp_NtNtNtCs15sMWOqKMwC_4core3fmt3num3impaNtB9_8UpperExp3fmt 61
.text._RNvXsq_NtNtNtCs15sMWOqKMwC_4core3fmt3num3imphNtB9_8UpperExp3fmt 38
.text._RNvXsr_NtNtNtCs15sMWOqKMwC_4core3fmt3num3impsNtB9_8LowerExp3fmt 62
.text._RNvXss_NtNtNtCs15sMWOqKMwC_4core3fmt3num3imptNtB9_8LowerExp3fmt 38
.text._RNvXst_NtNtNtCs15sMWOqKMwC_4core3fmt3num3impsNtB9_8UpperExp3fmt 62
.text._RNvXsu_NtNtNtCs15sMWOqKMwC_4core3fmt3num3imptNtB9_8UpperExp3fmt 38
.text._RNvXsv_NtNtNtCs15sMWOqKMwC_4core3fmt3num3implNtB9_8LowerExp3fmt 54
.text.unlikely._RINvNtCs15sMWOqKMwC_4core9panicking13assert_failedINtNtB4_6option6OptionjEBM_EB4_ 54
.text.unlikely._RINvNtCs15sMWOqKMwC_4core9panicking13assert_failedjjEB4_ 54
.text.unlikely._RINvNtCs15sMWOqKMwC_4core9panicking13assert_failedyyEB4_ 54
.text._RINvNtNtNtNtCs15sMWOqKMwC_4core3num3imp7dec2flt6lemire13compute_floatC3f16EBa_ 688
.text._RINvNtNtNtNtCs15sMWOqKMwC_4core3num3imp7dec2flt6lemire13compute_floatdEBa_ 751
.text._RINvNtNtNtNtCs15sMWOqKMwC_4core3num3imp7dec2flt6lemire13compute_floatfEBa_ 753
.text._RINvXs0_NtNtNtCs15sMWOqKMwC_4core4iter8adapters3mapINtB6_3MapNtNtNtBc_3str4iter5CharsNtB11_17CharEscapeDefaultENtNtNtBa_6traits8iterator8Iterator8try_folduNCINvNvMsg_NtB8_7flattenINtB2E_13FlattenCompatppE13iter_try_fold7flattenNtNtBc_4char13EscapeDefaultuINtNtBc_6result6ResultuNtNtBc_3fmt5ErrorENCINvNvXsi_B2E_B2R_B1L_8try_fold7flattenB3D_uB45_NCINvNvB1L_12try_for_each4callcB45_NCNvXs23_BZ_NtBZ_13EscapeDefaultNtB4u_7Display3fmt0E0E0E0B45_EBc_ 851
.text._RINvXs0_NtNtNtCs15sMWOqKMwC_4core4iter8adapters3mapINtB6_3MapNtNtNtBc_3str4iter5CharsNtB11_17CharEscapeUnicodeENtNtNtBa_6traits8iterator8Iterator8try_folduNCINvNvMsg_NtB8_7flattenINtB2E_13FlattenCompatppE13iter_try_fold7flattenNtNtBc_4char13EscapeUnicodeuINtNtBc_6result6ResultuNtNtBc_3fmt5ErrorENCINvNvXsi_B2E_B2R_B1L_8try_fold7flattenB3D_uB45_NCINvNvB1L_12try_for_each4callcB45_NCNvXs26_BZ_NtBZ_13EscapeUnicodeNtB4u_7Display3fmt0E0E0E0B45_EBc_ 559
.text._RINvXs_NtNtNtCs15sMWOqKMwC_4core4iter8adapters5chainINtB5_5ChainINtNtB7_7flatten7FlattenINtNtBb_6option8IntoIterNtNtBb_4char11EscapeDebugEEINtB13_7FlatMapNtNtNtBb_3str4iter5CharsB1M_NtB2w_23CharEscapeDebugContinueEENtNtNtB9_6traits8iterator8Iterator8try_folduNCINvNvB3r_12try_for_each4callcINtNtBb_6result6ResultuNtNtBb_3fmt5ErrorENCNvXs20_B2u_NtB2u_11EscapeDebugNtB53_7Display3fmt0E0B4E_EBb_ 1303
.text._RNvMNtCs15sMWOqKMwC_4core3stre12escape_debug 590
.text._RNvMNtCs15sMWOqKMwC_4core3stre12substr_range 58
.text._RNvMNtCs15sMWOqKMwC_4core3stre13from_utf8_mut 42
.text._RNvMNtCs15sMWOqKMwC_4core3stre22split_at_mut_unchecked 36
.text._RNvMNtCs15sMWOqKMwC_4core3stre9from_utf8 42
.text.unlikely._RNvNtCs15sMWOqKMwC_4core3str16slice_error_fail 38
.text.unlikely._RNvNtCs15sMWOqKMwC_4core3str19slice_error_fail_ct 31
.text._RNvNtCs15sMWOqKMwC_4core3str19slice_error_fail_rt 854
.text.unlikely._RNvNtCs15sMWOqKMwC_4core9panicking14panic_nounwind 43
.text.unlikely._RNvNtCs15sMWOqKMwC_4core9panicking15const_panic_fmt 73
.text.unlikely._RNvNtCs15sMWOqKMwC_4core9panicking16panic_in_cleanup 27
.text.unlikely._RNvNtCs15sMWOqKMwC_4core9panicking18panic_bounds_check 62
.text.unlikely._RNvNtCs15sMWOqKMwC_4core9panicking18panic_nounwind_fmt 70
.text.unlikely._RNvNtCs15sMWOqKMwC_4core9panicking19assert_failed_inner 220
.text.unlikely._RNvNtCs15sMWOqKMwC_4core9panicking19panic_cannot_unwind 27
.text.unlikely._RNvNtCs15sMWOqKMwC_4core9panicking26panic_nounwind_nobacktrace 43
.text.unlikely._RNvNtCs15sMWOqKMwC_4core9panicking30panic_null_pointer_dereference 33
.text.unlikely._RNvNtCs15sMWOqKMwC_4core9panicking31panic_invalid_enum_construction 83
.text.unlikely._RNvNtCs15sMWOqKMwC_4core9panicking36panic_misaligned_pointer_dereference 64
.text.unlikely._RNvNtCs15sMWOqKMwC_4core9panicking5panic 38
.text.unlikely._RNvNtCs15sMWOqKMwC_4core9panicking9panic_fmt 62
.text.unlikely._RNvNtNtCs15sMWOqKMwC_4core4cell4lazy14panic_poisoned 34
.text._RNvNtNtNtCs15sMWOqKMwC_4core7unicode12unicode_data10alphabetic11lookup_slow 235
.text._RNvXNvNtCs15sMWOqKMwC_4core9panicking21assert_matches_failedNtB2_7PatternNtNtB6_3fmt5Debug3fmt 39
.text._RNvXs1_NtNtCs15sMWOqKMwC_4core3mem15transmutabilityNtB5_6AssumeNtNtNtB9_3ops5arith3Sub3sub 54
.text._RINvNtNtCs15sMWOqKMwC_4core3fmt5float29float_to_decimal_common_exactC3f16EB6_ 95
.text._RINvNtNtCs15sMWOqKMwC_4core3fmt5float29float_to_decimal_common_exactdEB6_ 125
.text._RINvNtNtCs15sMWOqKMwC_4core3fmt5float29float_to_decimal_common_exactfEB6_ 125
.text._RINvNtNtCs15sMWOqKMwC_4core3fmt5float32float_to_decimal_common_shortestC3f16EB6_ 80
.text._RINvNtNtCs15sMWOqKMwC_4core3fmt5float32float_to_decimal_common_shortestdEB6_ 119
.text._RINvNtNtCs15sMWOqKMwC_4core3fmt5float32float_to_decimal_common_shortestfEB6_ 119
.text._RINvNtNtCs15sMWOqKMwC_4core3fmt5float33float_to_exponential_common_exactC3f16EB6_ 106
.text._RINvNtNtCs15sMWOqKMwC_4core3fmt5float33float_to_exponential_common_exactdEB6_ 142
.text._RINvNtNtCs15sMWOqKMwC_4core3fmt5float33float_to_exponential_common_exactfEB6_ 139
.text._RINvNtNtCs15sMWOqKMwC_4core3fmt5float36float_to_exponential_common_shortestC3f16EB6_ 92
.text._RINvNtNtCs15sMWOqKMwC_4core3fmt5float36float_to_exponential_common_shortestdEB6_ 144
.text._RINvNtNtCs15sMWOqKMwC_4core3fmt5float36float_to_exponential_common_shortestfEB6_ 144
.text._RNvMs_NtNtNtNtCs15sMWOqKMwC_4core3num3imp7dec2flt11decimal_seqNtB4_10DecimalSeq10left_shift 818
.text._RNvMs_NtNtNtNtCs15sMWOqKMwC_4core3num3imp7dec2flt11decimal_seqNtB4_10DecimalSeq11right_shift 817
.text._RNvMs_NtNtNtNtCs15sMWOqKMwC_4core3num3imp7dec2flt11decimal_seqNtB4_10DecimalSeq5round 327
.text.unlikely._RNvNtNtNtCs15sMWOqKMwC_4core3num3imp9int_log1030panic_for_nonpositive_argument 31
.text._RNvNtNtNtCs15sMWOqKMwC_4core7unicode12unicode_data14case_ignorable11lookup_slow 235
.text._RNvNtNtNtNtCs15sMWOqKMwC_4core3num3imp7dec2flt11decimal_seq17parse_decimal_seq 1110
.text._RNvNtNtNtNtCs15sMWOqKMwC_4core3num3imp7dec2flt5parse12parse_number 1664
.text._RNvXs0_NtNtCs15sMWOqKMwC_4core3num11float_parseC3f16NtNtNtB9_3str6traits7FromStr8from_str 541
.text._RNvXs0_NtNtCs15sMWOqKMwC_4core5alloc6layoutNtB5_11LayoutErrorNtNtB9_3fmt7Display3fmt 39
.text._RNvXs1_NtNtCs15sMWOqKMwC_4core3num11float_parsefNtNtNtB9_3str6traits7FromStr8from_str 961
.text._RNvXs2_NtNtCs15sMWOqKMwC_4core3fmt5floatfNtB7_5Debug3fmt 157
.text._RNvXs2_NtNtCs15sMWOqKMwC_4core3num11float_parsedNtNtNtB9_3str6traits7FromStr8from_str 938
.text._RNvXs3_NtNtCs15sMWOqKMwC_4core3fmt5floatfNtB7_7Display3fmt 71
.text._RNvXs4_NtNtCs15sMWOqKMwC_4core3fmt5floatfNtB7_8LowerExp3fmt 77
.text._RNvXs5_NtNtCs15sMWOqKMwC_4core3fmt5floatfNtB7_8UpperExp3fmt 77
.text._RNvXs6_NtNtCs15sMWOqKMwC_4core3fmt5floatdNtB7_5Debug3fmt 157
.text._RNvXs7_NtNtCs15sMWOqKMwC_4core3fmt5floatdNtB7_7Display3fmt 71
.text._RNvXs8_NtNtCs15sMWOqKMwC_4core3fmt5floatdNtB7_8LowerExp3fmt 77
.text._RNvXs9_NtNtCs15sMWOqKMwC_4core3fmt5floatdNtB7_8UpperExp3fmt 77
.text._RNvXs_NtNtCs15sMWOqKMwC_4core3num11float_parseNtB4_15ParseFloatErrorNtNtB8_3fmt7Display3fmt 65
.text._RNvXsa_NtNtCs15sMWOqKMwC_4core3fmt5floatC3f16NtB7_5Debug3fmt 188
.text._RNvXsb_NtNtCs15sMWOqKMwC_4core3fmt5floatC3f16NtB7_7Display3fmt 71
.text._RNvXsc_NtNtCs15sMWOqKMwC_4core3fmt5floatC3f16NtB7_8LowerExp3fmt 77
.text._RNvXsd_NtNtCs15sMWOqKMwC_4core3fmt5floatC3f16NtB7_8UpperExp3fmt 77
.text._RINvNtNtNtCs15sMWOqKMwC_4core3num3imp7flt2dec15to_shortest_strC3f16NvNtNtB2_8strategy5grisu15format_shortestEB8_ 811
.text._RINvNtNtNtCs15sMWOqKMwC_4core3num3imp7flt2dec15to_shortest_strdNvNtNtB2_8strategy5grisu15format_shortestEB8_ 911
.text._RINvNtNtNtCs15sMWOqKMwC_4core3num3imp7flt2dec15to_shortest_strfNvNtNtB2_8strategy5grisu15format_shortestEB8_ 795
.text._RINvNtNtNtCs15sMWOqKMwC_4core3num3imp7flt2dec16to_exact_exp_strC3f16NvNtNtB2_8strategy5grisu12format_exactEB8_ 982
.text._RINvNtNtNtCs15sMWOqKMwC_4core3num3imp7flt2dec16to_exact_exp_strdNvNtNtB2_8strategy5grisu12format_exactEB8_ 1098
.text._RINvNtNtNtCs15sMWOqKMwC_4core3num3imp7flt2dec16to_exact_exp_strfNvNtNtB2_8strategy5grisu12format_exactEB8_ 1027
.text._RINvNtNtNtCs15sMWOqKMwC_4core3num3imp7flt2dec18to_exact_fixed_strC3f16NvNtNtB2_8strategy5grisu12format_exactEB8_ 944
.text._RINvNtNtNtCs15sMWOqKMwC_4core3num3imp7flt2dec18to_exact_fixed_strdNvNtNtB2_8strategy5grisu12format_exactEB8_ 951
.text._RINvNtNtNtCs15sMWOqKMwC_4core3num3imp7flt2dec18to_exact_fixed_strfNvNtNtB2_8strategy5grisu12format_exactEB8_ 924
.text._RINvNtNtNtCs15sMWOqKMwC_4core3num3imp7flt2dec19to_shortest_exp_strC3f16NvNtNtB2_8strategy5grisu15format_shortestEB8_ 926
.text._RINvNtNtNtCs15sMWOqKMwC_4core3num3imp7flt2dec19to_shortest_exp_strdNvNtNtB2_8strategy5grisu15format_shortestEB8_ 1011
.text._RINvNtNtNtCs15sMWOqKMwC_4core3num3imp7flt2dec19to_shortest_exp_strfNvNtNtB2_8strategy5grisu15format_shortestEB8_ 903
.text._RNvNtNtNtCs15sMWOqKMwC_4core3num3imp7flt2dec17digits_to_dec_str 327
.text._RNvNtNtNtCs15sMWOqKMwC_4core3num3imp7flt2dec17digits_to_exp_str 349
.text._RNvNtNtNtCs15sMWOqKMwC_4core3num3imp7flt2dec8round_up 109
.text._RNvMNtNtNtCs15sMWOqKMwC_4core3num3imp3fmtNtB2_4Part3len 72
.text._RNvMNtNtNtCs15sMWOqKMwC_4core3num3imp3fmtNtB2_4Part5write 392
.text._RNvMs_NtNtNtCs15sMWOqKMwC_4core3num3imp3fmtNtB4_9Formatted3len 132
.text._RNvMs_NtNtNtCs15sMWOqKMwC_4core3num3imp3fmtNtB4_9Formatted5write 150
.text._RNvNtNtNtNtNtCs15sMWOqKMwC_4core3num3imp7flt2dec8strategy5grisu12format_exact 112
.text._RNvNtNtNtNtNtCs15sMWOqKMwC_4core3num3imp7flt2dec8strategy5grisu15format_shortest 102
.text._RNvNtNtNtNtNtCs15sMWOqKMwC_4core3num3imp7flt2dec8strategy5grisu16format_exact_opt 1405
.text._RNvNtNtNtNtNtCs15sMWOqKMwC_4core3num3imp7flt2dec8strategy5grisu19format_shortest_opt 2916
.text._RNvNtNtNtNtNtCs15sMWOqKMwC_4core3num3imp7flt2dec8strategy6dragon12format_exact 3569
.text._RNvNtNtNtNtNtCs15sMWOqKMwC_4core3num3imp7flt2dec8strategy6dragon15format_shortest 4105
.text._RNvNtNtNtNtNtCs15sMWOqKMwC_4core3num3imp7flt2dec8strategy6dragon9mul_pow10 935
.text._RNvNvNtNtNtNtNtCs15sMWOqKMwC_4core3num3imp7flt2dec8strategy5grisu16format_exact_opt14possibly_round 462
.text._RNvXNtCs15sMWOqKMwC_4core3patcNtB2_12RangePattern7sub_one 60
.text._RNvXNtNtCs15sMWOqKMwC_4core3num5errorNtB2_15TryFromIntErrorNtNtB6_3fmt7Display3fmt 36
.text._RNvXs3_NtNtCs15sMWOqKMwC_4core3num5errorNtB5_13ParseIntErrorNtNtB9_3fmt7Display3fmt 48
.text._RNvXs4_NtCs15sMWOqKMwC_4core3pataNtB5_12RangePattern7sub_one 42
.text._RNvXs5_NtCs15sMWOqKMwC_4core3patsNtB5_12RangePattern7sub_one 42
.text._RNvXs6_NtCs15sMWOqKMwC_4core3patlNtB5_12RangePattern7sub_one 40
.text._RNvXs7_NtCs15sMWOqKMwC_4core3patxNtB5_12RangePattern7sub_one 49
.text._RNvXs8_NtCs15sMWOqKMwC_4core3patnNtB5_12RangePattern7sub_one 91
.text._RNvXsa_NtCs15sMWOqKMwC_4core3pathNtB5_12RangePattern7sub_one 44
.text._RNvXsb_NtCs15sMWOqKMwC_4core3pattNtB5_12RangePattern7sub_one 44
.text._RNvXsc_NtCs15sMWOqKMwC_4core3patmNtB5_12RangePattern7sub_one 42
.text._RNvXsd_NtCs15sMWOqKMwC_4core3patyNtB5_12RangePattern7sub_one 53
.text._RNvXse_NtCs15sMWOqKMwC_4core3patoNtB5_12RangePattern7sub_one 109
.text._RNvYC3f16NtNtNtNtCs15sMWOqKMwC_4core3num3imp6traits8FloatExt14integer_decodeBf_ 74
.text._RNvYdNtNtNtNtCs15sMWOqKMwC_4core3num3imp6traits8FloatExt14integer_decodeBb_ 105
.text._RNvYfNtNtNtNtCs15sMWOqKMwC_4core3num3imp6traits8FloatExt14integer_decodeBb_ 79
.text._RNvMNtNtNtCs15sMWOqKMwC_4core3num3imp9diy_floatNtB2_2Fp12normalize_to 249
.text._RNvMs2_NtNtNtCs15sMWOqKMwC_4core3num3imp6bignumNtB5_8Big32x4010bit_length 122
.text._RNvMs2_NtNtNtCs15sMWOqKMwC_4core3num3imp6bignumNtB5_8Big32x4010mul_digits 885
.text._RNvMs2_NtNtNtCs15sMWOqKMwC_4core3num3imp6bignumNtB5_8Big32x4013div_rem_small 136
.text._RNvMs2_NtNtNtCs15sMWOqKMwC_4core3num3imp6bignumNtB5_8Big32x403add 203
.text._RNvMs2_NtNtNtCs15sMWOqKMwC_4core3num3imp6bignumNtB5_8Big32x403sub 197
.text._RNvMs2_NtNtNtCs15sMWOqKMwC_4core3num3imp6bignumNtB5_8Big32x406digits 47
.text._RNvMs2_NtNtNtCs15sMWOqKMwC_4core3num3imp6bignumNtB5_8Big32x407is_zero 88
.text._RNvMs2_NtNtNtCs15sMWOqKMwC_4core3num3imp6bignumNtB5_8Big32x408mul_pow2 459
.text._RNvMs2_NtNtNtCs15sMWOqKMwC_4core3num3imp6bignumNtB5_8Big32x408mul_pow5 554
.text._RNvMs2_NtNtNtCs15sMWOqKMwC_4core3num3imp6bignumNtB5_8Big32x409mul_small 229
.text._RNvMs5_NtNtCs15sMWOqKMwC_4core3net6parserNtNtB7_11socket_addr12SocketAddrV411parse_ascii 185
.text._RNvMs7_NtNtCs15sMWOqKMwC_4core3net6parserNtNtB7_11socket_addr12SocketAddrV611parse_ascii 132
.text._RNvMs9_NtNtCs15sMWOqKMwC_4core3net6parserNtNtB7_11socket_addr10SocketAddr11parse_ascii 60
.text.unlikely._RNvNtNtNtCs15sMWOqKMwC_4core3num3imp14overflow_panic3add 31
.text.unlikely._RNvNtNtNtCs15sMWOqKMwC_4core3num3imp14overflow_panic3div 31
.text.unlikely._RNvNtNtNtCs15sMWOqKMwC_4core3num3imp14overflow_panic3mul 31
.text.unlikely._RNvNtNtNtCs15sMWOqKMwC_4core3num3imp14overflow_panic3neg 31
.text.unlikely._RNvNtNtNtCs15sMWOqKMwC_4core3num3imp14overflow_panic3rem 31
.text.unlikely._RNvNtNtNtCs15sMWOqKMwC_4core3num3imp14overflow_panic3shl 31
.text.unlikely._RNvNtNtNtCs15sMWOqKMwC_4core3num3imp14overflow_panic3shr 31
.text.unlikely._RNvNtNtNtCs15sMWOqKMwC_4core3num3imp14overflow_panic3sub 31
.text._RNvNtNtNtCs15sMWOqKMwC_4core7unicode12unicode_data11conversions11reconstruct 15
.text._RNvNtNtNtCs15sMWOqKMwC_4core7unicode12unicode_data11conversions6lookup 321
.text._RNvNtNtNtCs15sMWOqKMwC_4core7unicode12unicode_data11conversions8to_lower 66
.text._RNvNtNtNtCs15sMWOqKMwC_4core7unicode12unicode_data11conversions8to_upper 66
.text._RNvXNtNtCs15sMWOqKMwC_4core2io12borrowed_bufNtB2_11BorrowedBufNtNtB6_3fmt5Debug3fmt 221
.text._RNvXs11_NtNtCs15sMWOqKMwC_4core4sync6atomicINtB6_6AtomicmENtNtBa_3fmt5Debug3fmt 174
.text._RNvXs15_NtNtCs15sMWOqKMwC_4core4sync6atomicINtB6_6AtomiciENtNtBa_3fmt5Debug3fmt 174
.text._RNvXs19_NtNtCs15sMWOqKMwC_4core4sync6atomicINtB6_6AtomicjENtNtBa_3fmt5Debug3fmt 174
.text._RNvXs4_NtNtCs15sMWOqKMwC_4core3net11socket_addrNtB5_10SocketAddrNtNtB9_3fmt7Display3fmt 54
.text._RNvXs5_NtNtCs15sMWOqKMwC_4core3net11socket_addrNtB5_10SocketAddrNtNtB9_3fmt5Debug3fmt 54
.text._RNvXs5_NtNtNtCs15sMWOqKMwC_4core3num3imp6bignumNtB5_8Big32x40NtNtBb_3cmp10PartialOrd11partial_cmp 94
.text._RNvXs6_NtNtCs15sMWOqKMwC_4core3net11socket_addrNtB5_12SocketAddrV4NtNtB9_3fmt7Display3fmt 276
.text._RNvXs6_NtNtCs15sMWOqKMwC_4core3net6parserNtNtB7_11socket_addr12SocketAddrV4NtNtNtB9_3str6traits7FromStr8from_str 185
.text._RNvXs6_NtNtCs15sMWOqKMwC_4core4sync6atomicINtB5_6AtomicbENtNtB9_3fmt5Debug3fmt 63
.text._RNvXs6_NtNtNtCs15sMWOqKMwC_4core3num3imp6bignumNtB5_8Big32x40NtNtBb_3cmp3Ord3cmp 94
.text._RNvXs7_NtNtCs15sMWOqKMwC_4core3net11socket_addrNtB5_12SocketAddrV4NtNtB9_3fmt5Debug3fmt 31
.text._RNvXs8_NtNtCs15sMWOqKMwC_4core3net11socket_addrNtB5_12SocketAddrV6NtNtB9_3fmt7Display3fmt 464
.text._RNvXs8_NtNtCs15sMWOqKMwC_4core3net6parserNtNtB7_11socket_addr12SocketAddrV6NtNtNtB9_3str6traits7FromStr8from_str 132
.text._RNvXs9_NtNtCs15sMWOqKMwC_4core3net11socket_addrNtB5_12SocketAddrV6NtNtB9_3fmt5Debug3fmt 31
.text._RNvXs9_NtNtNtCs15sMWOqKMwC_4core3num3imp6bignumNtB5_8Big32x40NtNtBb_3fmt5Debug3fmt 241
.text._RNvXsH_NtNtCs15sMWOqKMwC_4core4sync6atomicINtB5_6AtomicaENtNtB9_3fmt5Debug3fmt 285
.text._RNvXsL_NtNtCs15sMWOqKMwC_4core4sync6atomicINtB5_6AtomichENtNtB9_3fmt5Debug3fmt 270
.text._RNvXsP_NtNtCs15sMWOqKMwC_4core4sync6atomicINtB5_6AtomicsENtNtB9_3fmt5Debug3fmt 193
.text._RNvXsT_NtNtCs15sMWOqKMwC_4core4sync6atomicINtB5_6AtomictENtNtB9_3fmt5Debug3fmt 380
.text._RNvXsX_NtNtCs15sMWOqKMwC_4core4sync6atomicINtB5_6AtomiclENtNtB9_3fmt5Debug3fmt 174
.text._RNvXsZ_NtNtCs15sMWOqKMwC_4core3fmt3numjNtB7_5Debug3fmt 158
.text._RNvXsa_NtNtCs15sMWOqKMwC_4core3net6parserNtNtB7_11socket_addr10SocketAddrNtNtNtB9_3str6traits7FromStr8from_str 60
.text._RINvNtNtCsgiWFL2Drjr_17compiler_builtins5float3cmp3cmpC3f16EB6_ 90
.text._RINvNtNtCsgiWFL2Drjr_17compiler_builtins5float3cmp3cmpC4f128EB6_ 226
.text._RINvNtNtCsgiWFL2Drjr_17compiler_builtins5float3cmp5unordC3f16EB6_ 41
.text._RINvNtNtCsgiWFL2Drjr_17compiler_builtins5float3cmp5unordC4f128EB6_ 89
.text._RNvNtNtCsgiWFL2Drjr_17compiler_builtins3int14trailing_zeros8___ctzdi2 143
.text._RNvNtNtCsgiWFL2Drjr_17compiler_builtins3int14trailing_zeros8___ctzsi2 112
.text._RNvNtNtCsgiWFL2Drjr_17compiler_builtins3int14trailing_zeros8___ctzti2 318
.text._RNvNtNtCsgiWFL2Drjr_17compiler_builtins5float3cmp10___unorddf2 60
.text._RNvNtNtCsgiWFL2Drjr_17compiler_builtins5float3cmp10___unordsf2 41
.text._RNvNtNtCsgiWFL2Drjr_17compiler_builtins5float3cmp7___eqdf2 138
.text._RNvNtNtCsgiWFL2Drjr_17compiler_builtins5float3cmp7___eqsf2 89
.text._RNvNtNtCsgiWFL2Drjr_17compiler_builtins5float3cmp7___gedf2 127
.text._RNvNtNtCsgiWFL2Drjr_17compiler_builtins5float3cmp7___gesf2 84
.text._RNvNtNtNtCsgiWFL2Drjr_17compiler_builtins4math9libm_math4fmod4fmod 1824
.text._RNvNtNtNtCsgiWFL2Drjr_17compiler_builtins4math9libm_math4fmod5fmodf 314
.text._RNvNtNtNtCsgiWFL2Drjr_17compiler_builtins4math9libm_math4rint4rint 158
.text._RNvNtNtNtCsgiWFL2Drjr_17compiler_builtins4math9libm_math4rint5rintf 147
.text.__adddf3 41
.text.__bswapti2 51
.text.__divsf3 41
.text.__extendsfdf2 171
.text.__gtsf2 84
.text.__lesf2 89
.text.__lttf2 234
.text.__modti3 257
.text.__muldf3 41
.text.__mulodi4 271
.text.__multf3 137
.text.__rust_i128_addo 106
.text.__rust_u128_addo 99
.text.__udivsi3 259
.text.__unorddf2 60
.text.fabsf128 48
.text.fdim 26
.text.fmaximum 86
.text.fmaximum_num 79
.text.fminf 43
.text.memcmp 59
.text.roundf16 129
.text.trunc 150
.text._RINvNtNtNtNtCsgiWFL2Drjr_17compiler_builtins4math9libm_math7support7modular20linear_mul_reductionmEBa_ 510
.text._RINvNtNtNtNtCsgiWFL2Drjr_17compiler_builtins4math9libm_math7support7modular20linear_mul_reductionoEBa_ 4204
.text._RINvNtNtNtNtCsgiWFL2Drjr_17compiler_builtins4math9libm_math7support7modular20linear_mul_reductionyEBa_ 2537
.text._RNvNtNtNtCsgiWFL2Drjr_17compiler_builtins4math9libm_math4cbrt4cbrt 1320
.text._RINvNtNtCsgiWFL2Drjr_17compiler_builtins5float3add3addC3f16EB6_ 596
.text._RINvNtNtCsgiWFL2Drjr_17compiler_builtins5float3add3addC4f128EB6_ 2544
.text._RNvNtNtCsgiWFL2Drjr_17compiler_builtins5float3add8___adddf3 956
.text._RNvNtNtCsgiWFL2Drjr_17compiler_builtins5float3add8___addsf3 531
.text._RINvNtNtCsgiWFL2Drjr_17compiler_builtins5float3div3divC4f128EB6_ 4154
.text._RNvNtNtCsgiWFL2Drjr_17compiler_builtins5float3div8___divdf3 1234
.text._RNvNtNtCsgiWFL2Drjr_17compiler_builtins5float3div8___divsf3 687
.text._RINvNtNtNtCsgiWFL2Drjr_17compiler_builtins5float4conv12int_to_float6signedlC4f128NvB2_16u32_to_f128_bitsEB8_ 110
.text._RINvNtNtNtCsgiWFL2Drjr_17compiler_builtins5float4conv12int_to_float6signedldNvB2_15u32_to_f64_bitsEB8_ 96
.text._RINvNtNtNtCsgiWFL2Drjr_17compiler_builtins5float4conv12int_to_float6signedlfNvB2_15u32_to_f32_bitsEB8_ 83
.text._RINvNtNtNtCsgiWFL2Drjr_17compiler_builtins5float4conv12int_to_float6signednC4f128NvB2_17u128_to_f128_bitsEB8_ 346
.text._RINvNtNtNtCsgiWFL2Drjr_17compiler_builtins5float4conv12int_to_float6signedndNvB2_16u128_to_f64_bitsEB8_ 332
.text._RINvNtNtNtCsgiWFL2Drjr_17compiler_builtins5float4conv12int_to_float6signednfNvB2_16u128_to_f32_bitsEB8_ 310
.text._RINvNtNtNtCsgiWFL2Drjr_17compiler_builtins5float4conv12int_to_float6signedxC4f128NvB2_16u64_to_f128_bitsEB8_ 245
.text._RINvNtNtNtCsgiWFL2Drjr_17compiler_builtins5float4conv12int_to_float6signedxdNvB2_15u64_to_f64_bitsEB8_ 151
.text._RINvNtNtNtCsgiWFL2Drjr_17compiler_builtins5float4conv12int_to_float6signedxfNvB2_15u64_to_f32_bitsEB8_ 149
.text._RNvNtNtCsgiWFL2Drjr_17compiler_builtins3int19specialized_div_rem11u64_div_rem 190
.text._RNvNtNtCsgiWFL2Drjr_17compiler_builtins3int19specialized_div_rem12u128_div_rem 1924
.text._RNvNtNtNtCsgiWFL2Drjr_17compiler_builtins4math9libm_math4ceil5ceilf 125
.text._RNvNtNtNtCsgiWFL2Drjr_17compiler_builtins5float4conv12int_to_float15u32_to_f32_bits 61
.text._RNvNtNtNtCsgiWFL2Drjr_17compiler_builtins5float4conv12int_to_float15u64_to_f32_bits 117
.text._RNvNtNtNtCsgiWFL2Drjr_17compiler_builtins5float4conv12int_to_float15u64_to_f64_bits 113
.text._RNvNtNtNtCsgiWFL2Drjr_17compiler_builtins5float4conv12int_to_float16u128_to_f32_bits 273
.text._RNvNtNtNtCsgiWFL2Drjr_17compiler_builtins5float4conv12int_to_float16u128_to_f64_bits 297
.text._RNvNtNtNtCsgiWFL2Drjr_17compiler_builtins5float4conv12int_to_float17u128_to_f128_bits 313
.text._RNvXs2_NtNtCsgiWFL2Drjr_17compiler_builtins3int3bigNtB5_4u256INtNtNtCs15sMWOqKMwC_4core3ops3bit3ShrmE3shr 711
.text._RNvXs3_NtNtCsgiWFL2Drjr_17compiler_builtins3int3bigoNtNtB7_6traits4HInt14zero_widen_mul 640
.text.unlikely._RNvXs3_NtNtCsgiWFL2Drjr_17compiler_builtins3int3bigoNtNtB7_6traits4HInt8widen_hi 11
.text._RNvXs3_NtNtCsgiWFL2Drjr_17compiler_builtins3int3bigoNtNtB7_6traits4HInt9widen_mul 106
.text.unlikely._RNvXs4_NtNtCsgiWFL2Drjr_17compiler_builtins3int3bignNtNtB7_6traits4HInt9widen_mul 11
.text._RNvXs5_NtNtCsgiWFL2Drjr_17compiler_builtins3int3bigNtB5_4u256NtNtB7_6traits4DInt2hi 38
.text._RNvXs5_NtNtCsgiWFL2Drjr_17compiler_builtins3int3bigNtB5_4u256NtNtB7_6traits4DInt2lo 37
.text.unlikely._RNvXsn_NtNtCsgiWFL2Drjr_17compiler_builtins3int3bigNtB5_4i256INtNtNtCs15sMWOqKMwC_4core3ops3bit3ShlmE3shl 2
.text._RNvYNtNtNtCsgiWFL2Drjr_17compiler_builtins3int3big4u256NtNtB6_6traits4DInt5lo_hiB8_ 57
.text._RINvNtNtCsgiWFL2Drjr_17compiler_builtins5float3mul3mulC3f16EB6_ 533
.text._RINvNtNtCsgiWFL2Drjr_17compiler_builtins5float3mul3mulC4f128EB6_ 2338
.text._RNvNtNtCsgiWFL2Drjr_17compiler_builtins5float3mul8___muldf3 1095
.text._RNvNtNtCsgiWFL2Drjr_17compiler_builtins5float3mul8___mulsf3 511
.text._RINvNtNtNtNtCsgiWFL2Drjr_17compiler_builtins4math9libm_math7generic4fmod12into_sig_expC3f16EBa_ 38
.text._RINvNtNtNtNtCsgiWFL2Drjr_17compiler_builtins4math9libm_math7generic4fmod12into_sig_expC4f128EBa_ 83
.text._RINvNtNtNtNtCsgiWFL2Drjr_17compiler_builtins4math9libm_math7generic4fmod12into_sig_expdEBa_ 59
.text._RINvNtNtNtNtCsgiWFL2Drjr_17compiler_builtins4math9libm_math7generic4fmod12into_sig_expfEBa_ 37
.text._RINvNtNtNtNtCsgiWFL2Drjr_17compiler_builtins4math9libm_math7generic4fmod9reductionC3f16EBa_ 70
.text._RINvNtNtNtNtCsgiWFL2Drjr_17compiler_builtins4math9libm_math7generic4fmod9reductionC4f128EBa_ 1965
.text._RINvNtNtNtNtCsgiWFL2Drjr_17compiler_builtins4math9libm_math7generic4fmod9reductiondEBa_ 1454
.text._RINvNtNtNtNtCsgiWFL2Drjr_17compiler_builtins4math9libm_math7generic4fmod9reductionfEBa_ 103
.text._RNvNtNtNtCsgiWFL2Drjr_17compiler_builtins4math9libm_math5floor6floorf 131
.text._RNvNtNtNtCsgiWFL2Drjr_17compiler_builtins4math9libm_math5round5round 200
.text._RNvNtNtNtCsgiWFL2Drjr_17compiler_builtins4math9libm_math5round6roundf 105
.text._RNvNtNtNtCsgiWFL2Drjr_17compiler_builtins4math9libm_math8copysign8copysign 38
.text._RNvNtNtNtCsgiWFL2Drjr_17compiler_builtins4math9libm_math8copysign9copysignf 21
.text._RNvNtNtNtCsgiWFL2Drjr_17compiler_builtins4math9libm_math9roundeven10roundevenf 147
.text._RNvNtNtNtCsgiWFL2Drjr_17compiler_builtins4math9libm_math9roundeven9roundeven 158
.text._RNvYC3f16NtNtNtNtNtCsgiWFL2Drjr_17compiler_builtins4math9libm_math7support12float_traits5Float10from_partsBh_ 33
.text._RNvYC3f16NtNtNtNtNtCsgiWFL2Drjr_17compiler_builtins4math9libm_math7support12float_traits5Float12canonicalizeBh_ 6
.text._RNvYC3f16NtNtNtNtNtCsgiWFL2Drjr_17compiler_builtins4math9libm_math7support12float_traits5Float12exp_unbiasedBh_ 15
.text._RNvYC3f16NtNtNtNtNtCsgiWFL2Drjr_17compiler_builtins4math9libm_math7support12float_traits5Float16is_sign_positiveBh_ 10
.text._RNvYC3f16NtNtNtNtNtCsgiWFL2Drjr_17compiler_builtins4math9libm_math7support12float_traits5Float2exBh_ 12
.text._RNvYC3f16NtNtNtNtNtCsgiWFL2Drjr_17compiler_builtins4math9libm_math7support12float_traits5Float5biteqBh_ 14
.text._RNvYC4f128NtNtNtNtNtCsgiWFL2Drjr_17compiler_builtins4math9libm_math7support12float_traits5Float10from_partsBi_ 64
.text._RNvYC4f128NtNtNtNtNtCsgiWFL2Drjr_17compiler_builtins4math9libm_math7support12float_traits5Float12canonicalizeBi_ 43
.text._RNvYC4f128NtNtNtNtNtCsgiWFL2Drjr_17compiler_builtins4math9libm_math7support12float_traits5Float12exp_unbiasedBi_ 27
.text._RNvYC4f128NtNtNtNtNtCsgiWFL2Drjr_17compiler_builtins4math9libm_math7support12float_traits5Float16is_sign_positiveBi_ 20
.text._RNvYC4f128NtNtNtNtNtCsgiWFL2Drjr_17compiler_builtins4math9libm_math7support12float_traits5Float2exBi_ 22
.text._RNvYC4f128NtNtNtNtNtCsgiWFL2Drjr_17compiler_builtins4math9libm_math7support12float_traits5Float5biteqBi_ 49
.text._RNvYdNtNtNtNtNtCsgiWFL2Drjr_17compiler_builtins4math9libm_math7support12float_traits5Float10from_partsBd_ 53
.text._RNvYdNtNtNtNtNtCsgiWFL2Drjr_17compiler_builtins4math9libm_math7support12float_traits5Float12canonicalizeBd_ 13
.text._RNvYdNtNtNtNtNtCsgiWFL2Drjr_17compiler_builtins4math9libm_math7support12float_traits5Float12exp_unbiasedBd_ 18
.text._RNvYdNtNtNtNtNtCsgiWFL2Drjr_17compiler_builtins4math9libm_math7support12float_traits5Float16is_sign_positiveBd_ 9
.text._RNvYdNtNtNtNtNtCsgiWFL2Drjr_17compiler_builtins4math9libm_math7support12float_traits5Float2exBd_ 13
.text._RNvYdNtNtNtNtNtCsgiWFL2Drjr_17compiler_builtins4math9libm_math7support12float_traits5Float5biteqBd_ 22
.text._RNvYfNtNtNtNtNtCsgiWFL2Drjr_17compiler_builtins4math9libm_math7support12float_traits5Float10from_partsBd_ 32
.text._RNvYfNtNtNtNtNtCsgiWFL2Drjr_17compiler_builtins4math9libm_math7support12float_traits5Float12canonicalizeBd_ 5
.text._RNvYfNtNtNtNtNtCsgiWFL2Drjr_17compiler_builtins4math9libm_math7support12float_traits5Float12exp_unbiasedBd_ 14
.text._RNvYfNtNtNtNtNtCsgiWFL2Drjr_17compiler_builtins4math9libm_math7support12float_traits5Float16is_sign_positiveBd_ 9
.text._RNvYfNtNtNtNtNtCsgiWFL2Drjr_17compiler_builtins4math9libm_math7support12float_traits5Float2exBd_ 11
.text._RNvYfNtNtNtNtNtCsgiWFL2Drjr_17compiler_builtins4math9libm_math7support12float_traits5Float5biteqBd_ 12
.text.__bswapdi2 13
.text.__ctzdi2 143
.text.__ctzti2 48
.text.__divmoddi4 5
.text.__eqhf2 95
.text.__fixsfsi 81
.text.__fixunsdfti 237
.text.__floatdisf 160
.text.__floattidf 334
.text.__floattisf 319
.text.__floatuntitf 313
.text.__gttf2 245
.text.__nesf2 89
.text.__trunctfsf2 570
.text.__udivdi3 147
.text.bcmp 59
.text.ceil 44
.text.ceilf 117
.text.copysignf16 22
.text.fminimumf16 128
.text.fmod 61
.text.memmove 35
.text.sqrt 54
.text.sqrtf 41
.text.truncf 64
.text._RNvCsd9V5JTpRtX7_7___rustc17___rust_probestack 49
.text._RINvNtNtNtCsgiWFL2Drjr_17compiler_builtins3int13leading_zeros14implementation21leading_zeros_defaultmEB8_ 87
.text._RINvNtNtNtCsgiWFL2Drjr_17compiler_builtins3int13leading_zeros14implementation21leading_zeros_defaultyEB8_ 163
.text._RNvNtNtCsgiWFL2Drjr_17compiler_builtins3int4sdiv11___divmoddi4 285
.text._RNvNtNtCsgiWFL2Drjr_17compiler_builtins3int4sdiv11___divmodsi4 355
.text._RNvNtNtCsgiWFL2Drjr_17compiler_builtins3int4sdiv11___divmodti4 377
.text._RNvNtNtCsgiWFL2Drjr_17compiler_builtins3int4sdiv8___divdi3 205
.text._RNvNtNtCsgiWFL2Drjr_17compiler_builtins3int4sdiv8___divsi3 339
.text._RNvNtNtCsgiWFL2Drjr_17compiler_builtins3int4sdiv8___divti3 273
.text._RNvNtNtCsgiWFL2Drjr_17compiler_builtins3int4sdiv8___moddi3 209
.text._RNvNtNtCsgiWFL2Drjr_17compiler_builtins3int4sdiv8___modsi3 243
.text._RNvNtNtCsgiWFL2Drjr_17compiler_builtins3int4sdiv8___modti3 257
.text._RNvNtNtNtCsgiWFL2Drjr_17compiler_builtins4math9libm_math4sqrt4sqrt 552
.text._RNvNtNtNtCsgiWFL2Drjr_17compiler_builtins4math9libm_math4sqrt5sqrtf 326
.text._RNvNtNtNtCsgiWFL2Drjr_17compiler_builtins4math9libm_math5trunc5trunc 157
.text._RNvNtNtNtCsgiWFL2Drjr_17compiler_builtins4math9libm_math5trunc6truncf 54
.text.__addtf3 137
.text.__ashlti3 178
.text.__ashrdi3 51
.text.__clzdi2 163
.text.__clzsi2 87
.text.__extendhfdf2 166
.text.__extendhftf2 303
.text.__fixunstfdi 109
.text.__fixunstfti 243
.text.__floatundisf 127
.text.__gnu_h2f_ieee 132
.text.__mulhf3 33
.text.__rust_i128_add 61
.text.__rust_i128_subo 155
.text.__rust_u128_mulo 841
.text.fmaximumf 77
.text.fmin 43
.text.roundevenf 139
.text._RINvNtNtCsgiWFL2Drjr_17compiler_builtins5float6extend6extendC3f16C4f128EB6_ 303
.text._RINvNtNtCsgiWFL2Drjr_17compiler_builtins5float6extend6extendC3f16dEB6_ 158
.text._RINvNtNtCsgiWFL2Drjr_17compiler_builtins5float6extend6extendC3f16fEB6_ 122
.text._RINvNtNtCsgiWFL2Drjr_17compiler_builtins5float6extend6extenddC4f128EB6_ 320
.text._RINvNtNtCsgiWFL2Drjr_17compiler_builtins5float6extend6extendfC4f128EB6_ 291
.text._RINvNtNtNtCsgiWFL2Drjr_17compiler_builtins3int14trailing_zeros14implementation14trailing_zerosmEB8_ 112
.text._RINvNtNtNtCsgiWFL2Drjr_17compiler_builtins3int14trailing_zeros14implementation14trailing_zerosyEB8_ 143
.text._RNvNtNtCsgiWFL2Drjr_17compiler_builtins5float6extend13___extendsfdf2 171
.text._RNvXNtNtNtNtCsgiWFL2Drjr_17compiler_builtins4math9libm_math7support10int_traitsC4f128INtB2_8CastFromaE9cast_fromBa_ 81
.text._RNvXNtNtNtNtCsgiWFL2Drjr_17compiler_builtins4math9libm_math7support10int_traitsC4f128INtB2_8CastFromnE15cast_from_lossyBa_ 109
.text._RNvXNtNtNtNtCsgiWFL2Drjr_17compiler_builtins4math9libm_math7support10int_traitsdINtB2_8CastFromaE9cast_fromBa_ 25
.text._RNvXNtNtNtNtCsgiWFL2Drjr_17compiler_builtins4math9libm_math7support10int_traitsdINtB2_8CastFromxE15cast_from_lossyBa_ 13
.text._RNvXNtNtNtNtCsgiWFL2Drjr_17compiler_builtins4math9libm_math7support10int_traitsjINtB2_8CastFrommE9cast_fromBa_ 5
.text._RNvXNtNtNtNtCsgiWFL2Drjr_17compiler_builtins4math9libm_math7support10int_traitsjINtB2_8CastFromyE9cast_fromBa_ 5
.text._RNvXNtNtNtNtCsgiWFL2Drjr_17compiler_builtins4math9libm_math7support10int_traitsmINtB2_8CastFromlE15cast_from_lossyBa_ 5
.text._RNvXNtNtNtNtCsgiWFL2Drjr_17compiler_builtins4math9libm_math7support10int_traitsmINtB2_8CastFromnE15cast_from_lossyBa_ 16
.text._RNvXNtNtNtNtCsgiWFL2Drjr_17compiler_builtins4math9libm_math7support10int_traitsmINtB2_8CastFromoE9cast_fromBa_ 16
.text._RNvXNtNtNtNtCsgiWFL2Drjr_17compiler_builtins4math9libm_math7support10int_traitsmINtB2_8CastFromtE9cast_fromBa_ 6
.text._RNvXNtNtNtNtCsgiWFL2Drjr_17compiler_builtins4math9libm_math7support10int_traitsmINtB2_8CastFromxE15cast_from_lossyBa_ 5
.text._RNvXNtNtNtNtCsgiWFL2Drjr_17compiler_builtins4math9libm_math7support10int_traitsoINtB2_8CastFromlE15cast_from_lossyBa_ 25
.text._RNvXNtNtNtNtCsgiWFL2Drjr_17compiler_builtins4math9libm_math7support10int_traitsoINtB2_8CastFrommE9cast_fromBa_ 34
.text._RNvXNtNtNtNtCsgiWFL2Drjr_17compiler_builtins4math9libm_math7support10int_traitsoINtB2_8CastFromnE15cast_from_lossyBa_ 43
.text._RNvXNtNtNtNtCsgiWFL2Drjr_17compiler_builtins4math9libm_math7support10int_traitsoINtB2_8CastFromxE15cast_from_lossyBa_ 29
.text._RNvXNtNtNtNtCsgiWFL2Drjr_17compiler_builtins4math9libm_math7support10int_traitstINtB2_8CastFrommE9cast_fromBa_ 6
.text._RNvXNtNtNtNtCsgiWFL2Drjr_17compiler_builtins4math9libm_math7support10int_traitstINtB2_8CastFromtE9cast_fromBa_ 6
.text._RNvXNtNtNtNtCsgiWFL2Drjr_17compiler_builtins4math9libm_math7support10int_traitsyINtB2_8CastFromlE15cast_from_lossyBa_ 10
.text._RNvXNtNtNtNtCsgiWFL2Drjr_17compiler_builtins4math9libm_math7support10int_traitsyINtB2_8CastFrommE9cast_fromBa_ 7
.text._RNvXNtNtNtNtCsgiWFL2Drjr_17compiler_builtins4math9libm_math7support10int_traitsyINtB2_8CastFromnE15cast_from_lossyBa_ 19
.text._RNvXNtNtNtNtCsgiWFL2Drjr_17compiler_builtins4math9libm_math7support10int_traitsyINtB2_8CastFromxE15cast_from_lossyBa_ 9
.text.unlikely._RNvXs0_NtNtNtNtCsgiWFL2Drjr_17compiler_builtins4math9libm_math7support10int_traitsjNtB5_3Int12unsigned_abs 2
.text._RNvXs0_NtNtNtNtCsgiWFL2Drjr_17compiler_builtins4math9libm_math7support10int_traitsjNtB5_3Int5ilog2 14
.text._RNvXs2_NtNtNtNtCsgiWFL2Drjr_17compiler_builtins4math9libm_math7support10int_traitsiNtB5_3Int5ilog2 14
.text.unlikely._RNvXs4_NtNtNtNtCsgiWFL2Drjr_17compiler_builtins4math9libm_math7support10int_traitshNtB5_3Int12unsigned_abs 2
.text._RNvXs4_NtNtNtNtCsgiWFL2Drjr_17compiler_builtins4math9libm_math7support10int_traitshNtB5_3Int5ilog2 18
.text._RNvXs6_NtNtNtNtCsgiWFL2Drjr_17compiler_builtins4math9libm_math7support10int_traitsaNtB5_3Int5ilog2 18
.text.unlikely._RNvXs8_NtNtNtNtCsgiWFL2Drjr_17compiler_builtins4math9libm_math7support10int_traitstNtB5_3Int12unsigned_abs 2
.text._RNvXs8_NtNtNtNtCsgiWFL2Drjr_17compiler_builtins4math9libm_math7support10int_traitstNtB5_3Int5ilog2 20
.text._RNvXsa_NtNtNtNtCsgiWFL2Drjr_17compiler_builtins4math9libm_math7support10int_traitssNtB5_3Int5ilog2 20
.text.unlikely._RNvXsg_NtNtNtNtCsgiWFL2Drjr_17compiler_builtins4math9libm_math7support10int_traitsyNtB5_3Int12unsigned_abs 2
.text._RNvXsg_NtNtNtNtCsgiWFL2Drjr_17compiler_builtins4math9libm_math7support10int_traitsyNtB5_3Int5ilog2 43
.text._RNvXsi_NtNtNtNtCsgiWFL2Drjr_17compiler_builtins4math9libm_math7support10int_traitsxNtB5_3Int5ilog2 47
.text.unlikely._RNvXsk_NtNtNtNtCsgiWFL2Drjr_17compiler_builtins4math9libm_math7support10int_traitsoNtB5_3Int12unsigned_abs 11
.text._RNvXsk_NtNtNtNtCsgiWFL2Drjr_17compiler_builtins4math9libm_math7support10int_traitsoNtB5_3Int5ilog2 106
.text._RNvXsm_NtNtNtNtCsgiWFL2Drjr_17compiler_builtins4math9libm_math7support10int_traitsnNtB5_3Int5ilog2 109
.text._RNvYoNtNtNtNtNtCsgiWFL2Drjr_17compiler_builtins4math9libm_math7support10int_traits4DInt10from_lo_hiBd_ 38
.text._RNvYoNtNtNtNtNtCsgiWFL2Drjr_17compiler_builtins4math9libm_math7support10int_traits4DInt5lo_hiBd_ 43
.text._RNvYyNtNtNtNtNtCsgiWFL2Drjr_17compiler_builtins4math9libm_math7support10int_traits4DInt10from_lo_hiBd_ 9
.text._RNvYyNtNtNtNtNtCsgiWFL2Drjr_17compiler_builtins4math9libm_math7support10int_traits4DInt5lo_hiBd_ 9
.text.__bswapsi2 7
.text.__divdf3 41
.text.__divdi3 205
.text.__fixtfdi 156
.text.__fixunsdfsi 67
.text.__fixunssfti 232
.text.__floatunsidf 82
.text.__floatuntisf 281
.text.__gehf2 90
.text.__lshrti3 197
.text.__multi3 199
.text.__netf2 234
.text.__rust_i128_mulo 1255
.text.__rust_u128_sub 106
.text.__truncdfsf2 278
.text.__umoddi3 159
.text.__unordhf2 44
.text.copysignf 37
.text.fabsf 7
.text.fmaf 207
.text.fmaxf 47
.text.fmaxf16 95
.text.fmaximum_numf16 144
.text.fminimum 82
.text._RNvNtCsgiWFL2Drjr_17compiler_builtins3mem6memcpy 424
.text._RNvNtCsgiWFL2Drjr_17compiler_builtins3mem6memset 231
.text._RNvNtCsgiWFL2Drjr_17compiler_builtins3mem7memmove 871
.text._RNvNtNtCsgiWFL2Drjr_17compiler_builtins4math17full_availability10roundevenf 139
.text._RNvNtNtCsgiWFL2Drjr_17compiler_builtins4math17full_availability12fmaximum_num 79
.text._RNvNtNtCsgiWFL2Drjr_17compiler_builtins4math17full_availability12fminimum_num 85
.text._RNvNtNtCsgiWFL2Drjr_17compiler_builtins4math17full_availability13fmaximum_numf 70
.text._RNvNtNtCsgiWFL2Drjr_17compiler_builtins4math17full_availability13fminimum_numf 76
.text._RNvNtNtCsgiWFL2Drjr_17compiler_builtins4math17full_availability3fma 68
.text._RNvNtNtCsgiWFL2Drjr_17compiler_builtins4math17full_availability4cbrt 54
.text._RNvNtNtCsgiWFL2Drjr_17compiler_builtins4math17full_availability4fmaf 207
.text._RNvNtNtCsgiWFL2Drjr_17compiler_builtins4math17full_availability4fmax 47
.text._RNvNtNtCsgiWFL2Drjr_17compiler_builtins4math17full_availability4fmin 43
.text._RNvNtNtCsgiWFL2Drjr_17compiler_builtins4math17full_availability4fmod 61
.text._RNvNtNtCsgiWFL2Drjr_17compiler_builtins4math17full_availability4rint 146
.text._RNvNtNtCsgiWFL2Drjr_17compiler_builtins4math17full_availability4sqrt 54
.text._RNvNtNtCsgiWFL2Drjr_17compiler_builtins4math17full_availability5cbrtf 192
.text._RNvNtNtCsgiWFL2Drjr_17compiler_builtins4math17full_availability5ceilf 117
.text._RNvNtNtCsgiWFL2Drjr_17compiler_builtins4math17full_availability5fmaxf 47
.text._RNvNtNtCsgiWFL2Drjr_17compiler_builtins4math17full_availability5fminf 43
.text._RNvNtNtCsgiWFL2Drjr_17compiler_builtins4math17full_availability5fmodf 49
.text._RNvNtNtCsgiWFL2Drjr_17compiler_builtins4math17full_availability5round 193
.text._RNvNtNtCsgiWFL2Drjr_17compiler_builtins4math17full_availability5sqrtf 41
.text._RNvNtNtCsgiWFL2Drjr_17compiler_builtins4math17full_availability5trunc 150
.text._RNvNtNtCsgiWFL2Drjr_17compiler_builtins4math17full_availability6floorf 123
.text._RNvNtNtCsgiWFL2Drjr_17compiler_builtins4math17full_availability6roundf 115
.text._RNvNtNtCsgiWFL2Drjr_17compiler_builtins4math17full_availability6truncf 64
.text._RNvNtNtCsgiWFL2Drjr_17compiler_builtins4math17full_availability8copysign 43
.text._RNvNtNtCsgiWFL2Drjr_17compiler_builtins4math17full_availability8fmaximum 86
.text._RNvNtNtCsgiWFL2Drjr_17compiler_builtins4math17full_availability8fminimum 82
.text._RNvNtNtCsgiWFL2Drjr_17compiler_builtins4math17full_availability9copysignf 37
.text._RNvNtNtCsgiWFL2Drjr_17compiler_builtins4math17full_availability9fmaximumf 77
.text._RNvNtNtCsgiWFL2Drjr_17compiler_builtins4math17full_availability9fminimumf 77
.text.__ashldi3 52
.text.__ashrsi3 92
.text.__divtf3 137
.text..Lanon.aa332d9d49ea25d0cba2165f8e3ad201.0 89
.text.__eqtf2 234
.text.__extenddftf2 320
.text.__fixdfdi 138
.text.__fixunssfsi 53
.text.__floatsidf 104
.text.__floatunditf 219
.text.__gnu_f2h_ieee 222
.text..Lanon.aa332d9d49ea25d0cba2165f8e3ad201.1 138
.text.__udivmodsi4 323
.text.__unordtf2 95
.text.cbrtf 192
.text.ceilf16 90
.text.fdimf128 183
.text.floorf16 124
.text.fmax 47
.text.fmaximum_numf 70
.text.fmaximumf128 218
.text.rintf16 217
.text.sqrtf16 255
.text.strlen 30
.text.truncf16 50
.text._RNvNtNtCsgiWFL2Drjr_17compiler_builtins3int13leading_zeros8___clzdi2 163
.text._RNvNtNtCsgiWFL2Drjr_17compiler_builtins3int13leading_zeros8___clzsi2 87
.text._RNvNtNtCsgiWFL2Drjr_17compiler_builtins3int13leading_zeros8___clzti2 364
.text._RNvNtNtCsgiWFL2Drjr_17compiler_builtins3int6addsub15___rust_i128_add 61
.text._RNvNtNtCsgiWFL2Drjr_17compiler_builtins3int6addsub15___rust_i128_sub 106
.text._RNvNtNtCsgiWFL2Drjr_17compiler_builtins3int6addsub16___rust_i128_addo 106
.text._RNvNtNtCsgiWFL2Drjr_17compiler_builtins3int6addsub16___rust_i128_subo 155
.text._RNvNtNtCsgiWFL2Drjr_17compiler_builtins3int6addsub16___rust_u128_addo 99
.text._RNvNtNtCsgiWFL2Drjr_17compiler_builtins3int6addsub16___rust_u128_subo 147
.text._RNvNtNtCsgiWFL2Drjr_17compiler_builtins5float3pow9___powidf2 87
.text._RNvNtNtCsgiWFL2Drjr_17compiler_builtins5float3pow9___powisf2 127
.text.__divmodti4 377
.text.__divti3 273
.text.__fixdfsi 99
.text.__fixunssfdi 80
.text.__fixunstfsi 86
.text.__floatsisf 93
.text.__floatundidf 132
.text.__gedf2 127
.text.__gesf2 84
.text.__gthf2 90
.text.__lshrdi3 50
.text.__muloti4 1255
.text.__powitf2 494
.text.__rust_i128_sub 106
.text.__rust_u128_subo 147
.text.__subtf3 142
.text.__umodsi3 227
.text.__unordsf2 41
.text.cbrt 54
.text.fdimf 26
.text.floorf 123
.text.fmaf128 6545
.text.fmaxf128 183
.text.fmaximum_numf128 224
.text.fminf128 179
.text.fminimum_numf128 222
.text.fmodf128 723
.text..Lanon.081ce456af755bc2f0446600cd20a703.0 534
.text.truncf128 285
.text._RINvNtCs15sMWOqKMwC_4core5slice20copy_from_slice_implhECsgiWFL2Drjr_17compiler_builtins 44
.text._RNvNtNtNtCsgiWFL2Drjr_17compiler_builtins4math9libm_math17fminimum_fmaximum8fmaximum 95
.text._RNvNtNtNtCsgiWFL2Drjr_17compiler_builtins4math9libm_math17fminimum_fmaximum8fminimum 91
.text._RNvNtNtNtCsgiWFL2Drjr_17compiler_builtins4math9libm_math17fminimum_fmaximum9fmaximumf 85
.text._RNvNtNtNtCsgiWFL2Drjr_17compiler_builtins4math9libm_math17fminimum_fmaximum9fminimumf 85
.text._RNvNtNtNtCsgiWFL2Drjr_17compiler_builtins4math9libm_math21fminimum_fmaximum_num12fmaximum_num 88
.text._RNvNtNtNtCsgiWFL2Drjr_17compiler_builtins4math9libm_math21fminimum_fmaximum_num12fminimum_num 94
.text._RNvNtNtNtCsgiWFL2Drjr_17compiler_builtins4math9libm_math21fminimum_fmaximum_num13fmaximum_numf 82
.text._RNvNtNtNtCsgiWFL2Drjr_17compiler_builtins4math9libm_math21fminimum_fmaximum_num13fminimum_numf 88
.text._RNvNtNtNtCsgiWFL2Drjr_17compiler_builtins4math9libm_math3fma3fma 2148
.text._RNvNtNtNtCsgiWFL2Drjr_17compiler_builtins4math9libm_math3fma4fmaf 213
.text.__eqdf2 138
.text.__fixtfti 327
.text.__floatdidf 162
.text.__floatditf 245
.text.__floatsitf 110
.text..Lanon.7aefa67124ce8ae86b9deeedebede27f.0 95
.text.__muldi3 79
.text.__subsf3 46
.text.__truncsfhf2 222
.text.__udivmodti4 200
.text.__udivti3 137
.text.__umodti3 137
.text.copysign 43
.text.fabs 7
.text.floor 44
.text.fmaximumf16 128
.text.fminf16 93
.text.fminimum_numf16 148
.text.fminimumf 77
.text.memcpy 424
.text..Lanon.7aefa67124ce8ae86b9deeedebede27f.1 146
.text.rintf 139
.text.round 193
.text._RNvNtNtCsgiWFL2Drjr_17compiler_builtins3int3mul16___rust_i128_mulo 1255
.text._RNvNtNtCsgiWFL2Drjr_17compiler_builtins3int3mul16___rust_u128_mulo 841
.text._RNvNtNtCsgiWFL2Drjr_17compiler_builtins3int3mul8___muldi3 79
.text._RNvNtNtCsgiWFL2Drjr_17compiler_builtins3int3mul8___multi3 199
.text._RNvNtNtCsgiWFL2Drjr_17compiler_builtins3int3mul9___mulodi4 271
.text._RNvNtNtCsgiWFL2Drjr_17compiler_builtins3int3mul9___mulosi4 191
.text._RNvNtNtCsgiWFL2Drjr_17compiler_builtins3int4udiv12___udivmoddi4 206
.text._RNvNtNtCsgiWFL2Drjr_17compiler_builtins3int4udiv12___udivmodsi4 323
.text._RNvNtNtCsgiWFL2Drjr_17compiler_builtins3int4udiv12___udivmodti4 200
.text._RNvNtNtCsgiWFL2Drjr_17compiler_builtins3int4udiv9___udivdi3 147
.text._RNvNtNtCsgiWFL2Drjr_17compiler_builtins3int4udiv9___udivsi3 259
.text._RNvNtNtCsgiWFL2Drjr_17compiler_builtins3int4udiv9___udivti3 137
.text._RNvNtNtCsgiWFL2Drjr_17compiler_builtins3int4udiv9___umoddi3 159
.text._RNvNtNtCsgiWFL2Drjr_17compiler_builtins3int4udiv9___umodsi3 227
.text._RNvNtNtCsgiWFL2Drjr_17compiler_builtins3int4udiv9___umodti3 137
.text._RNvNtNtCsgiWFL2Drjr_17compiler_builtins3int5shift9___ashldi3 52
.text._RNvNtNtCsgiWFL2Drjr_17compiler_builtins3int5shift9___ashlsi3 76
.text._RNvNtNtCsgiWFL2Drjr_17compiler_builtins3int5shift9___ashlti3 178
.text._RNvNtNtCsgiWFL2Drjr_17compiler_builtins3int5shift9___ashrdi3 51
.text._RNvNtNtCsgiWFL2Drjr_17compiler_builtins3int5shift9___ashrsi3 92
.text._RNvNtNtCsgiWFL2Drjr_17compiler_builtins3int5shift9___ashrti3 211
.text._RNvNtNtCsgiWFL2Drjr_17compiler_builtins3int5shift9___lshrdi3 50
.text._RNvNtNtCsgiWFL2Drjr_17compiler_builtins3int5shift9___lshrsi3 76
.text._RNvNtNtCsgiWFL2Drjr_17compiler_builtins3int5shift9___lshrti3 197
.text._RNvYmNtNtNtCsgiWFL2Drjr_17compiler_builtins3int6traits4DInt5lo_hiB9_ 10
.text._RNvYoNtNtNtCsgiWFL2Drjr_17compiler_builtins3int6traits4DInt10from_lo_hiB9_ 38
.text._RNvYoNtNtNtCsgiWFL2Drjr_17compiler_builtins3int6traits4DInt5lo_hiB9_ 43
.text._RNvYyNtNtNtCsgiWFL2Drjr_17compiler_builtins3int6traits4DInt5lo_hiB9_ 9
.text.__ashlsi3 76
.text.__divmodsi4 5
.text.__extendhfsf2 132
.text.__extendsftf2 291
.text.__fixdfti 318
.text.__fixsfdi 123
.text.__fixsfti 307
.text.__fixunsdfdi 91
.text.__floatunsitf 87
.text.__floatuntidf 302
.text.__getf2 245
.text.__moddi3 209
.text.__modsi3 243
.text.__mulosi4 191
.text.__subdf3 43
.text.__subhf3 38
.text.__trunctfhf2 574
.text.__udivmoddi4 206
.text.fabsf16 11
.text.fminimum_num 85
.text.fminimum_numf 76
.text.fmodf 49
.text.fmodf16 331
.text.memset 231
.text.roundevenf16 217
.text._RINvNtNtNtNtNtCsgiWFL2Drjr_17compiler_builtins4math9libm_math7support10int_traits13narrowing_div23div_three_digits_by_twoyEBc_.llvm.4468983937087489627 1271
.text._RNvMNtNtNtNtCsgiWFL2Drjr_17compiler_builtins4math9libm_math7generic3fmaINtB2_4NormC4f128E10from_floatBa_ 230
.text._RNvMNtNtNtNtCsgiWFL2Drjr_17compiler_builtins4math9libm_math7generic3fmaINtB2_4NormdE10from_floatBa_ 155
.text._RNvNtNtCsgiWFL2Drjr_17compiler_builtins5float3sub8___subdf3 43
.text._RNvNtNtCsgiWFL2Drjr_17compiler_builtins5float3sub8___subsf3 46
.text._RNvNtNtNtCsgiWFL2Drjr_17compiler_builtins4math9libm_math9fmin_fmax4fmax 57
.text._RNvNtNtNtCsgiWFL2Drjr_17compiler_builtins4math9libm_math9fmin_fmax4fmin 53
.text._RNvNtNtNtCsgiWFL2Drjr_17compiler_builtins4math9libm_math9fmin_fmax5fmaxf 55
.text._RNvNtNtNtCsgiWFL2Drjr_17compiler_builtins4math9libm_math9fmin_fmax5fminf 51
.text._RNvXs2_NtNtNtNtCsgiWFL2Drjr_17compiler_builtins4math9libm_math7support3bigoNtNtB7_10int_traits4HInt9widen_mul 428
.text._RNvXs2_NtNtNtNtNtCsgiWFL2Drjr_17compiler_builtins4math9libm_math7support10int_traits13narrowing_divNtNtB9_3big4u256NtB5_12NarrowingDiv27unchecked_narrowing_div_rem 3510
.text.unlikely._RNvXs3_NtNtNtNtCsgiWFL2Drjr_17compiler_builtins4math9libm_math7support3bignNtNtB7_10int_traits4HInt9widen_mul 11
.text._RNvYNtNtNtNtNtCsgiWFL2Drjr_17compiler_builtins4math9libm_math7support3big4u256NtNtB6_10int_traits4DInt10from_lo_hiBc_ 65
.text._RNvYNtNtNtNtNtCsgiWFL2Drjr_17compiler_builtins4math9libm_math7support3big4u256NtNtNtB6_10int_traits13narrowing_div12NarrowingDiv25checked_narrowing_div_remBc_ 3592
.text._RNvYoNtNtNtNtNtNtCsgiWFL2Drjr_17compiler_builtins4math9libm_math7support10int_traits13narrowing_div12NarrowingDiv25checked_narrowing_div_remBf_ 1027
.text._RNvYyNtNtNtNtNtNtCsgiWFL2Drjr_17compiler_builtins4math9libm_math7support10int_traits13narrowing_div12NarrowingDiv25checked_narrowing_div_remBf_ 78
.text.__addhf3 33
.text.__addsf3 41
.text.__ashrti3 211
.text.__clzti2 48
.text.__ctzsi2 112
.text.__divsi3 339
.text.__fixtfsi 108
.text.__floattitf 346
.text.__floatunsisf 71
.text.__gtdf2 127
.text.__letf2 234
.text.__lshrsi3 76
.text.__lthf2 95
.text.__mulsf3 41
.text.__nedf2 138
.text.__powidf2 87
.text.__powisf2 127
.text.__rust_u128_add 61
.text.__truncdfhf2 310
.text.__trunctfdf2 561
.text.ceilf128 556
.text.copysignf128 56
.text.fdimf16 86
.text.floorf128 531
.text.fminimumf128 249
.text.roundf 115
.text.roundf128 404
.text.sqrtf128 1904
.bss 16384
.bss._RNvNtCs29ON0gyC4jd_5kfs_210vga_buffer13ACTIVE_SCREEN.0 4
.gdt 56
.data.rel.ro..Lanon.ae9d9698c3bf98ecb3f81b7d6af80a19.2 16
.data.rel.ro..Lanon.ae9d9698c3bf98ecb3f81b7d6af80a19.6 16
.data.rel.ro..Lanon.ae9d9698c3bf98ecb3f81b7d6af80a19.7 16
.data.rel.ro..Lanon.ae9d9698c3bf98ecb3f81b7d6af80a19.12 16
.data.rel.ro..Lanon.ae9d9698c3bf98ecb3f81b7d6af80a19.14 16
.data.rel.ro..Lanon.ae9d9698c3bf98ecb3f81b7d6af80a19.15 16
.data.rel.ro..Lanon.ae9d9698c3bf98ecb3f81b7d6af80a19.19 16
.data.rel.ro..Lanon.ae9d9698c3bf98ecb3f81b7d6af80a19.21 16
.data.rel.ro..Lanon.ae9d9698c3bf98ecb3f81b7d6af80a19.23 16
.data._RNvNtCs29ON0gyC4jd_5kfs_210vga_buffer9TERMINALS 48048
.data.rel.ro..Lanon.ae9d9698c3bf98ecb3f81b7d6af80a19.33 24
.data.rel.ro..Lanon.c8387f5b59674d051f7d806b07a3578e.6 16
.data.rel.ro..Lanon.c8387f5b59674d051f7d806b07a3578e.7 16
.data.rel.ro..Lanon.96dcbf1a70eb04e5861b771653aaf83e.4 16
.data.rel.ro..Lanon.96dcbf1a70eb04e5861b771653aaf83e.5 16
.data.rel.ro._RNvNvMs6_NtNtCs15sMWOqKMwC_4core4task4wakeNtB7_5Waker11from_fn_ptr6VTABLE 16
.data.rel.ro._RNvNvMsb_NtNtCs15sMWOqKMwC_4core4task4wakeNtB7_10LocalWaker11from_fn_ptr6VTABLE 16
.data.rel.ro..Lanon.96dcbf1a70eb04e5861b771653aaf83e.9 16
.data.rel.ro..Lanon.96dcbf1a70eb04e5861b771653aaf83e.12 16
.data.rel.ro..Lanon.96dcbf1a70eb04e5861b771653aaf83e.14 16
.data.rel.ro..Lanon.96dcbf1a70eb04e5861b771653aaf83e.20 16
.data.rel.ro..Lanon.96dcbf1a70eb04e5861b771653aaf83e.21 16
.data.rel.ro.anon.1fd36ae44226335a71c06789eab7d4cd.0.llvm.8696903876206012342 16
.data.rel.ro.anon.1fd36ae44226335a71c06789eab7d4cd.1.llvm.8696903876206012342 16
.data.rel.ro..Lanon.1fd36ae44226335a71c06789eab7d4cd.12 16
.data.rel.ro..Lanon.1fd36ae44226335a71c06789eab7d4cd.14 16
.data.rel.ro..Lanon.1fd36ae44226335a71c06789eab7d4cd.29 16
.data.rel.ro..Lanon.1fd36ae44226335a71c06789eab7d4cd.30 16
.data.rel.ro.anon.1fd36ae44226335a71c06789eab7d4cd.32.llvm.8696903876206012342 24
.data.rel.ro..Lanon.cd47649aa2ba6b655457da372faac27b.1 16
.data.rel.ro..Lanon.cd47649aa2ba6b655457da372faac27b.6 16
.data.rel.ro..Lanon.cd47649aa2ba6b655457da372faac27b.7 16
.data.rel.ro..Lanon.cd47649aa2ba6b655457da372faac27b.8 16
.data.rel.ro..Lanon.cd47649aa2ba6b655457da372faac27b.9 16
.data.rel.ro..Lanon.cd47649aa2ba6b655457da372faac27b.10 16
.data.rel.ro..Lanon.cd47649aa2ba6b655457da372faac27b.14 16
.data.rel.ro..Lanon.cd47649aa2ba6b655457da372faac27b.15 16
.data.rel.ro._RNvNtNtCs15sMWOqKMwC_4core3fmt3num13DECIMAL_PAIRS 4
.data.rel.ro..Lanon.57af0cf0f02bf4b0f4c41ed4552e63c3.1 16
.data.rel.ro..Lanon.57af0cf0f02bf4b0f4c41ed4552e63c3.2 16
.data.rel.ro..Lanon.57af0cf0f02bf4b0f4c41ed4552e63c3.3 16
.data.rel.ro..Lanon.57af0cf0f02bf4b0f4c41ed4552e63c3.4 16
.data.rel.ro..Lanon.57af0cf0f02bf4b0f4c41ed4552e63c3.5 16
.data.rel.ro..Lanon.57af0cf0f02bf4b0f4c41ed4552e63c3.6 16
.data.rel.ro..Lanon.57af0cf0f02bf4b0f4c41ed4552e63c3.9 16
.data.rel.ro..Lanon.f317dc6a3fdf3b82bcc63d1c6364fd0d.26 16
.data.rel.ro..Lanon.f317dc6a3fdf3b82bcc63d1c6364fd0d.34 16
.data.rel.ro..Lanon.f317dc6a3fdf3b82bcc63d1c6364fd0d.35 16
.data.rel.ro..Lanon.f317dc6a3fdf3b82bcc63d1c6364fd0d.37 16
.data.rel.ro..Lanon.f317dc6a3fdf3b82bcc63d1c6364fd0d.43 24
.data.rel.ro..Lanon.f317dc6a3fdf3b82bcc63d1c6364fd0d.44 24
.data.rel.ro..Lanon.f317dc6a3fdf3b82bcc63d1c6364fd0d.45 24
.data.rel.ro..Lanon.f317dc6a3fdf3b82bcc63d1c6364fd0d.46 24
.data.rel.ro..Lanon.f317dc6a3fdf3b82bcc63d1c6364fd0d.50 16
.data.rel.ro..Lanon.f317dc6a3fdf3b82bcc63d1c6364fd0d.51 16
.data.rel.ro..Lanon.bd3bd9956ef1bf1cb797deddd86260f5.8 16
.data.rel.ro..Lanon.bd3bd9956ef1bf1cb797deddd86260f5.9 16
.data.rel.ro..Lanon.b990789ee3026bf83f58561a0410751c.2 16
.data.rel.ro..Lanon.b990789ee3026bf83f58561a0410751c.4 16
.data.rel.ro..Lanon.b990789ee3026bf83f58561a0410751c.5 16
.data.rel.ro..Lanon.b990789ee3026bf83f58561a0410751c.7 16
.data.rel.ro..Lanon.b990789ee3026bf83f58561a0410751c.9 16
.data.rel.ro..Lanon.b990789ee3026bf83f58561a0410751c.11 16
.data.rel.ro..Lanon.b990789ee3026bf83f58561a0410751c.17 16
.data.rel.ro..Lanon.b990789ee3026bf83f58561a0410751c.20 16
.data.rel.ro..Lanon.b990789ee3026bf83f58561a0410751c.22 16
.data.rel.ro..Lanon.b990789ee3026bf83f58561a0410751c.24 16
.data.rel.ro..Lanon.b990789ee3026bf83f58561a0410751c.31 16
.data.rel.ro..Lanon.c6e6f5a263d2578c209b0dca032cf990.2 16
.data.rel.ro..Lanon.c6e6f5a263d2578c209b0dca032cf990.9 16
.data.rel.ro..Lanon.c6e6f5a263d2578c209b0dca032cf990.10 16
.data.rel.ro..Lanon.c6e6f5a263d2578c209b0dca032cf990.19 16
.data.rel.ro..Lanon.c6e6f5a263d2578c209b0dca032cf990.20 16
.data.rel.ro..Lanon.c6e6f5a263d2578c209b0dca032cf990.21 16
.data.rel.ro..Lanon.c6e6f5a263d2578c209b0dca032cf990.22 16
.data.rel.ro..Lanon.c6e6f5a263d2578c209b0dca032cf990.24 16
.data.rel.ro..Lanon.c6e6f5a263d2578c209b0dca032cf990.26 16
.data.rel.ro..Lanon.c6e6f5a263d2578c209b0dca032cf990.30 16
.data.rel.ro..Lanon.c6e6f5a263d2578c209b0dca032cf990.33 16
.data.rel.ro..Lanon.9b18ad20dfe73df7bc476fc99721d942.2 16
.data.rel.ro..Lanon.9b18ad20dfe73df7bc476fc99721d942.5 16
.data.rel.ro..Lanon.9b18ad20dfe73df7bc476fc99721d942.6 16
.data.rel.ro..Lanon.9b18ad20dfe73df7bc476fc99721d942.7 16
.data.rel.ro..Lanon.9b18ad20dfe73df7bc476fc99721d942.10 16
.data.rel.ro..Lanon.9b18ad20dfe73df7bc476fc99721d942.11 16
.data.rel.ro..Lswitch.table._RNvXsb_NtNtCs15sMWOqKMwC_4core3net6parserNtB5_14AddrParseErrorNtNtB9_3fmt7Display3fmt.11 24
.data.rel.ro..Lanon.04c1d3e060c55e85fc7904c0e8468d7b.1 16
.data.rel.ro..Lanon.04c1d3e060c55e85fc7904c0e8468d7b.3 16
.data.rel.ro..Lanon.04c1d3e060c55e85fc7904c0e8468d7b.5 16
.data.rel.ro..Lanon.04c1d3e060c55e85fc7904c0e8468d7b.7 16
.data.rel.ro..Lanon.6bae330515eb583857e6f072fa2c9181.1 16
.data.rel.ro..Lanon.6bae330515eb583857e6f072fa2c9181.2 16
.data.rel.ro..Lanon.6bae330515eb583857e6f072fa2c9181.3 16
.data.rel.ro..Lanon.6bae330515eb583857e6f072fa2c9181.11 16
.data.rel.ro..Lanon.6bae330515eb583857e6f072fa2c9181.13 16
.data.rel.ro..Lanon.6bae330515eb583857e6f072fa2c9181.22 16
.data.rel.ro..Lanon.6bae330515eb583857e6f072fa2c9181.28 16
.data.rel.ro..Lswitch.table._RNvNtCs15sMWOqKMwC_4core9panicking19assert_failed_inner 12
.data.rel.ro..Lanon.fee15353db22a075e93701e857e10933.2 16
.data.rel.ro..Lanon.fee15353db22a075e93701e857e10933.3 16
.data.rel.ro..Lanon.fee15353db22a075e93701e857e10933.4 16
.data.rel.ro..Lanon.fee15353db22a075e93701e857e10933.5 16
.data.rel.ro..Lanon.fee15353db22a075e93701e857e10933.7 16
.data.rel.ro..Lanon.fee15353db22a075e93701e857e10933.8 16
.data.rel.ro..Lanon.fee15353db22a075e93701e857e10933.11 16
.data.rel.ro..Lanon.fee15353db22a075e93701e857e10933.12 16
.data.rel.ro.anon.26e9c4544899354808e92bed55c7cd22.2.llvm.10578411122566958836 16
.data.rel.ro.anon.26e9c4544899354808e92bed55c7cd22.4.llvm.10578411122566958836 16
.data.rel.ro..Lanon.26e9c4544899354808e92bed55c7cd22.12 16
.data.rel.ro..Lanon.26e9c4544899354808e92bed55c7cd22.14 16
.data.rel.ro..Lanon.26e9c4544899354808e92bed55c7cd22.20 16
.data.rel.ro..Lanon.26e9c4544899354808e92bed55c7cd22.21 16
.data.rel.ro..Lanon.26e9c4544899354808e92bed55c7cd22.22 16
.data.rel.ro..Lanon.26e9c4544899354808e92bed55c7cd22.24 16
.data.rel.ro.anon.26e9c4544899354808e92bed55c7cd22.25.llvm.10578411122566958836 16
.data.rel.ro.anon.26e9c4544899354808e92bed55c7cd22.26.llvm.10578411122566958836 16
.data.rel.ro.anon.26e9c4544899354808e92bed55c7cd22.28.llvm.10578411122566958836 16
.data.rel.ro..Lanon.26e9c4544899354808e92bed55c7cd22.30 16
.data.rel.ro..Lanon.26e9c4544899354808e92bed55c7cd22.32 16
.data.rel.ro..Lanon.26e9c4544899354808e92bed55c7cd22.33 16
.data.rel.ro..Lanon.26e9c4544899354808e92bed55c7cd22.35 16
.data.rel.ro..Lanon.26e9c4544899354808e92bed55c7cd22.36 16
.data.rel.ro..Lanon.26e9c4544899354808e92bed55c7cd22.37 16
.data.rel.ro..Lanon.fddeb2bb93148657065203779e602883.1 16
.data.rel.ro..Lanon.fddeb2bb93148657065203779e602883.3 16
.data.rel.ro..Lanon.fddeb2bb93148657065203779e602883.5 16
.data.rel.ro..Lanon.fddeb2bb93148657065203779e602883.8 16
.data.rel.ro..Lanon.fddeb2bb93148657065203779e602883.10 16
.data.rel.ro..Lanon.fddeb2bb93148657065203779e602883.12 16
.data.rel.ro..Lanon.fddeb2bb93148657065203779e602883.13 16
.data.rel.ro..Lanon.fddeb2bb93148657065203779e602883.15 16
.data.rel.ro..Lanon.fddeb2bb93148657065203779e602883.16 16
.data.rel.ro..Lanon.fddeb2bb93148657065203779e602883.17 16
.data.rel.ro..Lanon.fddeb2bb93148657065203779e602883.18 16
.data.rel.ro..Lanon.fddeb2bb93148657065203779e602883.20 16
.data.rel.ro..Lanon.fddeb2bb93148657065203779e602883.22 16
.data.rel.ro..Lanon.fddeb2bb93148657065203779e602883.24 16
.data.rel.ro..Lanon.fddeb2bb93148657065203779e602883.26 16
.data.rel.ro..Lanon.fddeb2bb93148657065203779e602883.27 16
.data.rel.ro..Lanon.fddeb2bb93148657065203779e602883.28 16
.data.rel.ro..Lanon.fddeb2bb93148657065203779e602883.29 16
.data.rel.ro..Lanon.fddeb2bb93148657065203779e602883.31 16
.data.rel.ro..Lanon.fddeb2bb93148657065203779e602883.33 16
.data.rel.ro..Lanon.fddeb2bb93148657065203779e602883.35 16
.data.rel.ro..Lanon.fddeb2bb93148657065203779e602883.36 16
.data.rel.ro..Lanon.fddeb2bb93148657065203779e602883.37 16
.data.rel.ro..Lanon.fddeb2bb93148657065203779e602883.38 16
.data.rel.ro..Lanon.fddeb2bb93148657065203779e602883.39 16
.data.rel.ro..Lanon.fddeb2bb93148657065203779e602883.40 16
.data.rel.ro..Lanon.fddeb2bb93148657065203779e602883.41 16
.data.rel.ro..Lanon.fddeb2bb93148657065203779e602883.42 16
.data.rel.ro..Lanon.fddeb2bb93148657065203779e602883.45 16
.data.rel.ro..Lanon.fddeb2bb93148657065203779e602883.46 16
.data.rel.ro..Lanon.fddeb2bb93148657065203779e602883.47 16
.data.rel.ro..Lanon.fddeb2bb93148657065203779e602883.48 16
.data.rel.ro..Lanon.fddeb2bb93148657065203779e602883.49 16
.data.rel.ro..Lanon.fddeb2bb93148657065203779e602883.50 16
.data.rel.ro..Lanon.fddeb2bb93148657065203779e602883.51 16
.data.rel.ro..Lanon.fddeb2bb93148657065203779e602883.52 16
.data.rel.ro..Lanon.fddeb2bb93148657065203779e602883.53 16
.data.rel.ro..Lanon.fddeb2bb93148657065203779e602883.54 16
.data.rel.ro..Lanon.fddeb2bb93148657065203779e602883.55 16
.data.rel.ro..Lanon.fddeb2bb93148657065203779e602883.56 16
.data.rel.ro..Lanon.fddeb2bb93148657065203779e602883.57 16
.data.rel.ro..Lanon.fddeb2bb93148657065203779e602883.58 16
.data.rel.ro..Lswitch.table._RNvXs3_NtNtCs15sMWOqKMwC_4core3num5errorNtB5_13ParseIntErrorNtNtB9_3fmt7Display3fmt.33 20
.data.rel.ro.anon.c1981213e1a64bebdda065a7b8652659.2.llvm.15192244485746149047 16
.data.rel.ro.anon.c1981213e1a64bebdda065a7b8652659.3.llvm.15192244485746149047 16
.data.rel.ro.anon.c1981213e1a64bebdda065a7b8652659.5.llvm.15192244485746149047 16
.data.rel.ro._RNvNtNtNtCs15sMWOqKMwC_4core7unicode12unicode_data11conversions13LOWERCASE_LUT 32
.data.rel.ro._RNvNtNtNtCs15sMWOqKMwC_4core7unicode12unicode_data11conversions13UPPERCASE_LUT 32
.data.rel.ro..Lanon.c1981213e1a64bebdda065a7b8652659.24 16
.data.rel.ro..Lanon.c1981213e1a64bebdda065a7b8652659.30 16
.data.rel.ro..Lanon.c1981213e1a64bebdda065a7b8652659.31 16
.data.rel.ro..Lanon.c1981213e1a64bebdda065a7b8652659.34 16
.data.rel.ro..Lanon.c1981213e1a64bebdda065a7b8652659.37 16
.data.rel.ro..Lanon.c1981213e1a64bebdda065a7b8652659.41 24
.data.rel.ro..Lanon.c1981213e1a64bebdda065a7b8652659.42 24
.data.rel.ro.anon.fd7725dff0f3f07473edc8bb5cc4d124.1.llvm.4296542796087551657 16
.data.rel.ro.anon.f65eb90ec6f03f13ff60d116b2a2c2e8.1.llvm.4938811440734003128 16
.data.rel.ro.anon.f65eb90ec6f03f13ff60d116b2a2c2e8.2.llvm.4938811440734003128 16
.data.rel.ro.anon.f65eb90ec6f03f13ff60d116b2a2c2e8.3.llvm.4938811440734003128 16
.data.rel.ro.anon.f65eb90ec6f03f13ff60d116b2a2c2e8.4.llvm.4938811440734003128 16
.data.rel.ro.anon.3d8614ee67f07287dc5d1ac0f5bf47c1.1.llvm.15275717620437230178 16
.data.rel.ro.anon.3d8614ee67f07287dc5d1ac0f5bf47c1.3.llvm.15275717620437230178 16
.data.rel.ro.anon.c012679bdf15b7d9358d71b78f23b486.1.llvm.2277295654501247638 16
.data.rel.ro.anon.c012679bdf15b7d9358d71b78f23b486.3.llvm.2277295654501247638 16
.data.rel.ro.anon.c012679bdf15b7d9358d71b78f23b486.4.llvm.2277295654501247638 16
.got 132
.got.plt 12
.comment 161
.symtab 21088
.shstrtab 110288
.strtab 87950

make: *** [build/kfs_2.bin] Error 1
